,btms_size,cost_a,cost_b_sys,cost_b_cap,cost_b_loan,cost_b,cost_c,cost_total,share_cost_a,share_cost_b_sys,share_cost_b_cap,share_cost_b_loan,share_cost_b,share_cost_c,E_Charge,c_rate,cycles_day,btms_ratio,load_factor,btms_peak_to_grid_ratio,grid_peak_to_charge_peak_ratio
1013,104.99979548838,14.794587834024938,9.080352767179628,11.947528304783257,4.821712729121144,21.027881071962884,9.246104317309097,45.068573223296916,0.32826838694723304,0.20147859401250798,0.265096661604706,0.1069861409907846,0.46657525561721397,0.20515635743555305,658.4166666666666,1.9999999971391653,4.181744844487059,0.6668761221957656,0.34072929861320184,2.3333181732673074,0.30000136441217234
104,150.0000453869582,49.31505363961229,12.97196171607688,2.31510130806802,0.9343148776510964,15.2870630241449,1.791455986358452,66.39357265011564,0.742768489044796,0.195379781480313,0.03486935881984033,0.014072369362841767,0.2302491403001533,0.026982370655050623,1057.6666666666667,1.9999999972340687,0.5672236725177409,0.080444604433235,0.14907516186453845,1.0000006023936874,0.49999984940162456
1049,133.71974782580517,5.352412169852747,11.564046050467592,8.969468611630363,3.619845031949916,20.533514662097957,6.95506693999092,32.840993771941626,0.1629796043025254,0.3521222935813706,0.2731180631718158,0.11022337073863472,0.6252403567531865,0.2117800389442881,385.375,1.99999997757223,2.4642744113240878,0.8550688364731535,0.5677148122993206,8.213615643068103,0.10853502455534737
1080,374.9999991287369,24.657534621714134,32.42989442373576,9.758533276799325,3.9382910772814586,42.18842770053509,7.888235473072086,74.73419779532131,0.32993643270574863,0.4339364759430925,0.13057654413479572,0.05269730850751184,0.5645130200778882,0.10555054721636317,803.0,1.9999999985611518,0.948888914068079,0.44312994016039564,0.2414830527844414,4.999999908716228,0.16666666920232703
1083,225.00000222178105,24.657534440302637,19.457936662490624,10.5916438011227,4.2745128896446545,30.049580463613324,8.207080746880397,62.91419565079636,0.39192322472282176,0.30927736516717796,0.16835061930873835,0.06794194609703395,0.4776279844759163,0.13044879080126193,845.7916666666665,1.9999999750131479,1.7296296391480295,0.46012119531149126,0.25411646950424444,2.9999999685733147,0.25000000196417954
1087,224.9999975951416,24.657535445195236,19.457936398231116,9.864558991305168,3.98108030733855,29.322495389536286,7.637870365280098,61.61790120001162,0.4001683758289155,0.31578382287106277,0.16009242118268233,0.0646091513960524,0.4758762440537451,0.1239553801173393,869.5416666666667,1.999999988976701,1.611111255947605,0.4168863236920408,0.25939973342996303,2.999999805568195,0.2500000121526739
1096,225.00000024568007,49.3150684996356,19.457936711742114,6.101387917676066,2.462362008063754,25.559324629418178,4.724594733001408,79.59898786205518,0.6195439141148186,0.2444495493518418,0.07665157662870982,0.030934589423813028,0.32110112598055157,0.059354959904629905,1571.6250000000005,1.9999999976408445,0.9964814889945743,0.14266019900968413,0.22390502050912653,1.499999999671251,0.4000000000525999
1100,225.00000077386352,24.657533998736483,19.457936778640065,7.60938649941253,3.070951146466908,27.067323278052594,5.917058945137034,57.64191622192612,0.42777089338603785,0.33756575169578695,0.13201133824413064,0.05327635421840408,0.4695770899399176,0.10265201667404447,655.2916666666665,1.9999999998220412,1.2418518723146201,0.4264004663040327,0.19585837339585443,3.0000000402049705,0.24999999748718935
1110,224.9999980624542,24.6575353267034,19.45793642932837,10.816856017323268,4.365402702324412,30.274792446651638,8.379581272237543,63.311909045592586,0.3894612514202795,0.3073345397832846,0.17085025835398143,0.06895073562196284,0.47818479813726605,0.1323539504424544,913.9583333333333,1.999999988019168,1.766481508603076,0.4348757722504345,0.2734643875395735,2.9999998247792354,0.25000001095129837
1127,224.99999944898508,24.65753444281427,19.45793666183095,9.736282501087308,3.9293112409716753,29.19421916291826,7.542888273862435,61.394641879594964,0.40162355684347456,0.3169321632332538,0.15858521530562497,0.06400088217270986,0.47551737853887877,0.12285906461764669,851.1249999999999,1.9999999995924178,1.5900000117373305,0.42032604113941624,0.2540604294671812,2.9999999681660245,0.2500000019896447
1159,237.49999837549333,20.547945741678042,20.538933056485355,9.370460969085379,3.7816751532016117,29.909394025570734,7.336470443159187,57.79381021040796,0.3555388659593447,0.35538292044961145,0.1621360650036857,0.06543391306843753,0.5175189854532971,0.1269421485873582,651.9166666666666,1.9999999999458469,1.4470175264092027,0.5271634823032024,0.23784980739486378,3.7999998747440125,0.20833333876979127
116,357.49999938417903,30.410959123510803,30.91649938698883,10.105158712975499,4.078180118362758,41.02165809996433,7.815142379187766,79.2477596026629,0.3837453484614211,0.3901245857548504,0.1275134939289305,0.05146114084246897,0.5176380796837808,0.09861657185479804,1114.5833333333333,1.999999999711757,1.0389277497821108,0.33323364776730713,0.2658849827354954,3.864864829767092,0.20555555703854525
1160,75.00000010003872,24.657534233581796,6.48597890791965,6.588070805397297,2.6587746061265185,13.074049713316947,5.1025589816894525,42.8341429285882,0.5756513974072062,0.15142077007897367,0.15380419345335639,0.062071385683125445,0.3052249635323301,0.11912363906046367,670.6249999999999,1.9999999983921286,3.227777781637987,0.36098167223970445,0.19823386385634803,1.0000000010568744,0.49999999973651976
1184,150.0000013289268,49.31506823323028,12.971957877336523,4.572759495608757,1.8454472008540106,17.54471737294528,3.5251844912276216,70.38497009740318,0.7006477116490205,0.18430011207485214,0.06496784028295648,0.026219336291542977,0.24926795235780858,0.05008433599317081,1180.625,1.9999999928223675,1.1211111419568482,0.14243868525857226,0.16817255647037402,1.000000010541304,0.4999999973646959
1201,162.5000041376957,45.20547809654903,14.052954649601338,4.955859418540193,2.0000563993259903,19.008814068141533,3.841172678182737,68.0554648428733,0.6642446451716933,0.20649267008971062,0.07282088852059564,0.029388622999544967,0.27931355861030627,0.05644179621800027,1036.4583333333335,1.9999999998190925,1.1205129226240358,0.17567841244244964,0.16200161289127546,1.181818247240943,0.458333319590011
1251,224.9999999343743,24.657534292427936,19.45793670138676,10.636020419331262,4.292422142456879,30.093957120718024,8.227129782954867,62.978621196100825,0.3915222947744456,0.30896098281985657,0.16888303073852887,0.0681568135493356,0.47784401355838546,0.13063369166716896,955.6666666666666,1.9999999993436235,1.7374074105385462,0.4090512737256585,0.28470495611396684,2.9999999925616936,0.2500000004648944
1287,75.00000043453726,24.65753413440976,6.485978934034527,5.89109766490212,2.3774943130272588,12.377076598936647,4.539449896636729,41.57406062998314,0.5930990083905057,0.15601023416406073,0.14170128141520705,0.05718696410695601,0.2977115155792677,0.10918947603022654,609.7083333333333,1.9999999975248848,2.8888889163973714,0.35536117540102413,0.1799964101230237,1.00000000910521,0.4999999977255313
1289,225.0000076242298,24.65753572918071,19.45793632346009,12.0122100349709,4.847816598794545,31.470146358430988,9.30129691770492,65.42897900531662,0.3768595522051031,0.29739018733394845,0.18359158613792237,0.07409280524460915,0.48098177347187077,0.14215867432302615,1090.1666666666665,1.9999998921438527,1.9618517818026409,0.4049075057604675,0.32458023741604874,2.999999759488532,0.2500000150319711
1300,225.00000006904537,49.315068486899946,19.45793671509213,4.210477387426945,1.6992395327915095,23.668414102519076,3.257114650100874,76.2405972395199,0.6468347609078946,0.255217527401608,0.05522618578392263,0.022287857051448905,0.31044371318553066,0.04272152590657466,1375.2916666666667,1.9999999995552649,0.6877777822452559,0.11252158709558853,0.1949178997815984,1.5000000003168776,0.39999999994929963
1304,150.0000005945882,49.31506834824556,12.971957847084122,2.8253980397314886,1.140257411028949,15.79735588681561,2.1868629844026417,67.2992872194638,0.7327725208653179,0.1927503006797443,0.04198258490491631,0.01694308302717316,0.23473288558466063,0.03249459355002163,1429.333333333333,1.9999999979492722,0.692222244676387,0.0726445921966268,0.20118932533566675,1.0000000058769112,0.4999999985308231
1326,74.99999958864761,24.65753443278381,6.485978855544802,9.284565363582049,3.747009913340648,15.770544219126851,7.131187062918011,47.55926571482867,0.5184591070146769,0.13637676608456376,0.19522095692674207,0.07878611784732317,0.33159772301130586,0.14994316997401735,866.0,1.9999999958790495,4.5555555563071195,0.39453425502205,0.2572415710546279,0.9999999849030385,0.5000000037758939
1332,74.99999941820144,24.657534561286667,6.485978821858657,9.165211720266406,3.698841876692296,15.651190542125063,7.0824577784409115,47.39118288185264,0.5202979343807158,0.1368604543597985,0.19339487142820425,0.07804915707450472,0.3302553257880027,0.14944673983128146,874.3333333333333,1.9999999900369065,4.492222232560939,0.38534121024990703,0.2594451154712088,0.9999999744978467,0.5000000063816463
1343,255.74583039832007,24.65753451993145,6.485978832816855,8.543422178337627,3.4479037351227046,15.029401011154482,6.609100817505944,46.29603634859187,0.5326057361427103,0.14009792942056326,0.1845389552144129,0.07447513884690424,0.32463688463497614,0.1427573792223136,689.7916666666666,0.5865198197326479,1.227781494889881,0.45520990341282286,0.20705142419871223,0.9999999778645514,0.5000000055430545
1350,234.99999954143092,21.369863169150477,20.322733859822335,10.314630071356644,4.162717328849074,30.63736393117898,7.9810423528882275,59.98826945321768,0.35623403315236374,0.3387784652743013,0.1719441178312468,0.06939218895279854,0.5107225831055481,0.13304338374208818,700.125,1.999999999878657,1.6131205682904965,0.5414509306317293,0.245886677937876,3.615384581810785,0.2166666682427757
1357,224.99999765491185,24.65753575168826,19.457936317539293,8.880041297588786,3.5837544860691617,28.33797761512808,6.874131980793277,59.86964534760962,0.41185371332206744,0.3250050372699624,0.1483229313624677,0.059859290384325754,0.47332796863243004,0.11481831804550244,837.2916666666666,1.9999999801514345,1.4503704634835806,0.3897487146644149,0.24866603064194692,2.999999755837253,0.2500000152601727
1374,299.999999712453,24.65753459441676,25.94391552643399,10.817543405618178,4.365680114422285,36.761458932052165,8.36314345406189,69.78213698053081,0.3533502363405151,0.37178448022697175,0.15501880386145625,0.06256157095963268,0.5268032840884279,0.11984647957105704,808.7083333333333,1.9999999948635672,1.3254167112888116,0.49167913401682595,0.24416989105184064,3.999999929465568,0.2000000028213804
1424,75.0000150080953,24.65753477186307,6.485978766827999,7.527393541352322,3.037860913952546,14.01337230818032,5.842007535696487,44.51291461573988,0.5539411423565623,0.14571004444032834,0.16910583380874855,0.06824673109314551,0.31481587824907686,0.13124297939436072,982.2916666666666,1.9999995573373779,3.6866659936770985,0.2814846284850395,0.28658097035003854,0.9999999574732473,0.5000000106516678
1430,225.00000035066736,24.657534132518638,19.457936743449686,8.873456855867438,3.5810971760672876,28.331393599317124,7.5000000525705355,60.48892778440629,0.4076371500649283,0.321677659964504,0.1466955553831947,0.05920252362268644,0.4683732153476987,0.12398963458737308,692.3333333333334,1.9999999999667128,1.4259259343793806,0.4634087661079244,0.2098216364872837,3.0000000185025333,0.24999999884359175
18,225.00000058681567,24.65753424235706,19.457936714558368,12.43113673126984,5.016884554323436,31.88907344582821,9.633012731329163,66.17962041951444,0.3725850055659472,0.2940170492247307,0.18783934770958977,0.07580709170770801,0.4818563969343205,0.14555859749973224,843.5416666666667,1.999999994897999,2.0299999978009455,0.541467029721648,0.25679409949106813,3.000000000684432,0.2499999999572313
189,224.99999980094265,24.65753448816995,19.45793664990006,8.760558514925348,3.5355343321274915,28.218495164825406,6.784734824173976,59.66076447716933,0.4132956509064809,0.32614293196571625,0.14683952831810917,0.059260627367261634,0.4729824602838254,0.11372188880969374,892.5416666666667,1.9999999952375795,1.4307407611620393,0.3606741096792785,0.26381684898837654,2.999999960808261,0.25000000244950094
203,375.0000002880829,24.6575345150043,32.42989445181416,10.37491328997157,4.187046073266579,42.80480774178572,8.028545352774024,75.49088760956406,0.3266292832922049,0.4295868743727099,0.13743265735104637,0.05546425808266846,0.5670195317237563,0.10635118498403874,917.0416666666666,1.9999999941096094,1.0167778912730834,0.4157844985454924,0.27350832538195874,4.999999934683702,0.16666666848104758
210,74.99991943462422,24.65756076004379,6.48597193032483,9.676823175585737,3.9053149984583935,16.16279510591057,7.824697378785631,48.645053244739984,0.5068873218410964,0.13333261036210628,0.1989271782045402,0.08028185268520961,0.3322597885666465,0.16085288959225716,898.6666666666669,1.9999999978764098,4.7044443828100535,0.39261826746523487,0.26792812834913254,0.9999978494670654,0.5000005376342213
216,150.00001098639453,49.31506614721941,12.97195842608444,4.409496721658156,1.7795585772602855,17.381455147742596,3.4288246805977165,70.12534597555972,0.7032416804675279,0.18498245171732147,0.06288021342803736,0.025376824206764015,0.24786266514535882,0.048895654387113324,1266.5,1.9999999486613926,1.079444716742975,0.1278458107940401,0.17999633087032457,1.000000095143602,0.4999999762148635
258,149.99999999351928,24.65753425623608,12.971957806424129,8.79455639442939,3.5492549950282974,21.76651420085352,6.82098031207867,53.245028769168265,0.463095519454656,0.24362758564111417,0.16517140844371017,0.06665889900098067,0.4087989940848244,0.12810548646051975,856.1666666666666,1.9999999996946183,2.153888891017691,0.3773603273957893,0.2537896230464515,1.9999999988246153,0.33333333346393224
268,225.00000627971343,24.65753489446783,19.457936543031167,10.073756244115486,4.065506895921635,29.531692787146653,7.812349205076837,62.00157688669132,0.3976920609540269,0.3138297043410815,0.16247580706738163,0.06557102415881133,0.4763055114084631,0.12600242763751002,878.0833333333331,1.9999999266639013,1.6448148861089638,0.42146724081254594,0.26217824005359813,2.9999998948984445,0.2500000065689099
276,75.00000127002669,24.657533839100193,6.485979011666995,5.480509345568027,2.2117915103003503,11.966488357235022,4.240959626401934,40.86498182273715,0.6033903048350512,0.15871728610578303,0.134112609405804,0.05412437279171176,0.292829895511587,0.10377979965336183,584.7500000000001,1.9999999991837176,2.685555601303945,0.3444492065130793,0.17236729408402007,1.0000000330509293,0.4999999917373095
290,128.75000101257532,31.643835288660554,11.134263872248013,6.994603286398637,2.822840577634666,18.12886715864665,5.410022483687357,55.18272493099456,0.5734373452603301,0.20177082386147654,0.12675349568447947,0.05115442525110168,0.328524319545956,0.0980383351937139,1008.2500000000001,1.9999999997579097,1.9967638000244923,0.2549797582693053,0.22815271029301118,1.337662361876653,0.4277777733467075
303,225.0000000461729,24.657534245668508,19.45793671368646,8.043667675829187,3.2462157721642217,27.50160438951565,6.228373003029556,58.38751163821371,0.4223083593363917,0.33325511171384714,0.1377634951403672,0.05559777563871423,0.4710186068542144,0.10667303380939398,767.1666666666667,1.9999999996140931,1.3137037118959312,0.38529220322038926,0.2276774913288034,3.0000000001471094,0.24999999999080572
307,150.00020071332668,49.315002509138296,12.971975165563414,2.023938304461672,0.8168090367002271,14.995913470025087,1.5719788200677822,65.88289479923117,0.7485251317419918,0.19689443223607098,0.0307202394586537,0.01239789233896503,0.22761467169472469,0.023860196563283476,886.2500000000001,1.9999999998405946,0.49556141190933345,0.08387510437481474,0.12499666808067549,1.0000026760218623,0.49999933099543
324,225.0000053244954,24.657532498086763,19.457937173374688,6.831573193212475,2.7570458579660957,26.289510366587162,5.289872229190049,56.23691509386397,0.4384581276716787,0.3459993696471048,0.1214784484854837,0.04902555293732529,0.4674778181325885,0.09406405419573288,624.4583333333333,1.9999999999451026,1.1157408330197285,0.4020151224984787,0.18583478785733187,3.0000002836437227,0.24999998227226858
351,225.0000058726169,24.65753441707908,19.45793666859893,8.304399434762106,3.3514403515803406,27.762336103361037,6.426672895315432,58.84654341575555,0.41901415080358456,0.33065555832442095,0.14111957903951736,0.05695220410657166,0.4717751373639384,0.10921071183247712,725.5277777777778,1.999999943189122,1.356419734022348,0.42065163797800154,0.21656244054245322,2.999999972340618,0.25000000172871845
359,224.99999978261403,24.657534768306967,19.457936576235227,10.191993951315544,4.113224569680178,29.649930527550772,7.92529449782538,62.232759793683115,0.396214708299178,0.31266388700650694,0.16377216734569552,0.06609420156387935,0.47643605435220254,0.12734923734861958,768.7916666666666,1.9999999878288004,1.6633334144142504,0.4868029065719421,0.23205997771160275,2.999999915367375,0.25000000528977895
390,150.00000010229647,49.315068489139726,12.97195781002341,7.35861476551425,2.969746174978619,20.33057257553766,6.322058841714281,75.96769990639167,0.6491583732284426,0.17075622700183912,0.0968650462575756,0.03909222180792595,0.2676212732594147,0.08322035351214264,1580.5416666666663,1.999999998799188,1.7680555600559875,0.16779585112019446,0.22699450875336386,1.0000000001629037,0.49999999995933336
401,225.00000455981265,24.65753436246465,19.45793668296862,9.218409712438017,3.720311207375099,28.676346395406636,7.168235392787921,60.502116150659205,0.4075482963449369,0.321607539057237,0.15236507909050348,0.06149059642989965,0.47397261814774044,0.1184790855073227,753.0833333333333,1.9999999563354929,1.5044444345663959,0.44948545486877134,0.22593985391327917,2.9999999812008746,0.25000000117498883
421,214.99999016500277,27.945208876925385,18.593138632503845,10.542542037516824,4.254696690631678,29.13568067002067,8.16254260146261,65.24343214840866,0.4283221767573273,0.28498100146249505,0.16158779037767046,0.06521264364133324,0.4465687918401655,0.12510903140250726,943.3333333333335,1.9999999953582954,1.8019378855686519,0.41068900460269187,0.24805323927290482,2.5294113356132932,0.28333336777993795
435,149.99999996241135,24.65753426724267,12.97195780353059,7.952414840351766,3.2093884931517316,20.924372643882357,6.155318478789866,51.7372253899149,0.4765917399205785,0.2507277440134856,0.15370779512080146,0.0620324818148701,0.4044355391342871,0.11897272094513436,940.7500000000001,1.9999999996632682,1.9483333367990003,0.31065639165199554,0.27575936617792207,1.9999999974857363,0.333333333612725
437,225.00000221869703,24.657533583667202,19.457936887823188,8.374319216414026,3.3796581630479614,27.832256104237214,6.482467317607902,58.97225700551232,0.418120906943792,0.329950689966036,0.14200438717533317,0.05730928973486727,0.47195507714136914,0.10992401591483884,715.4444444444445,1.9999999982015535,1.3677778939303824,0.4301522383166932,0.21388881893294692,3.000000107538784,0.24999999327884803
446,101.72916559660172,24.657534592122957,6.485978813926956,8.712019743649762,3.5159453422255638,15.197998557576717,6.753110614965446,46.60864376466512,0.5290335139684175,0.13915828245669953,0.18691854214077147,0.07543547844855052,0.326076824597471,0.1448896614341116,981.25,1.4745033739935316,3.1464263887069985,0.3261995731304884,0.2884019200143487,0.9999999720243644,0.5000000070069378
458,150.00000008043187,49.315068470679336,12.971957814876337,3.6747807847819627,1.4830462698815439,16.6467385996583,2.8450634732016318,68.80687054353928,0.7167172127015133,0.18852707167764599,0.05340717802965116,0.021553752672752485,0.24193424970729713,0.04134853759118933,1230.0138888888896,1.9999999998389342,0.9002777836899322,0.10978873396940929,0.1742491663289581,1.0000000009113486,0.4999999997721655
469,129.9028805713559,6.607275131909745,11.233963788635947,11.382212070613505,4.593565750705212,22.616175859249452,8.817783376835003,38.0412343679942,0.17368719079916983,0.29531018052578195,0.29920722236578823,0.12075227912609442,0.5945174028915702,0.23179540630926004,500.95833333333337,1.999999860257951,3.219559346726559,0.8348599184434089,0.5958967538901887,6.463752835405991,0.13398085684150318
500,74.99999997624029,24.657534299105393,6.4859788906859945,8.424546122006573,3.3999284402016885,14.910525012692567,6.532847092019719,46.10090640381768,0.534860075919537,0.1406909190433809,0.18274144217930008,0.07374970917969056,0.323432361222681,0.14170756285778202,723.0277777777777,1.9999999963792936,4.126666668469807,0.4280610089261491,0.21611345894509168,0.9999999957424652,0.5000000010651927
519,150.00002254928904,49.315061229068874,12.971959719727444,1.6938676069909824,0.6836010590411868,14.665827326718427,1.310989585322602,65.2918781411099,0.7553016184109199,0.19867646771765743,0.02594300631588767,0.01046992487432781,0.2246194740335451,0.020078907555534996,1046.2083333333333,1.9999999939417001,0.4150010536867347,0.05950073749905349,0.14692611567192623,1.0000002945989233,0.4999999263502817
533,225.0000061491457,24.657534392369712,19.457936675099077,9.018374799359455,3.63958230160859,28.476311474458534,6.991252676803269,60.125098543631516,0.4101038499666867,0.32362419599161013,0.14999351382043907,0.06053349416080245,0.4736177098120492,0.11627844022126407,775.3055555555552,1.9999999413992113,1.4725926369056979,0.427358413705094,0.23170701587219764,2.999999976349109,0.2500000014781929
546,165.0000008328585,49.31506822539591,14.269153660292684,5.663597159643825,2.28568100619908,19.93275081993651,4.395086873348469,73.6429059186809,0.6696513073486177,0.19376141506486977,0.07690621505210249,0.03103735489095189,0.27066763011697226,0.05968106253441003,1297.0416666666667,1.999999999776512,1.260858620011675,0.16039706256060382,0.18536030546940208,1.1000000114018904,0.4761904736050135
562,375.0000013199911,24.657533862507307,32.42989462344021,7.608283612514233,3.0705060499029457,40.03817823595445,5.891339927730591,70.58705202619234,0.34932091870556903,0.4594312085934207,0.10778582465366411,0.04349956488852361,0.5672170332470848,0.08346204804734621,697.4583333333334,1.999999999190534,0.7455556044766237,0.40086029415787416,0.20751990114231134,5.00000009345668,0.16666666407065125
576,150.00000018702286,24.65753428276944,12.971957799444704,7.0159002519017815,2.8314354808680866,19.987858051346485,5.430426812711667,50.07581914682759,0.49240401261277317,0.2590463425352974,0.14010555137062103,0.05654296882425465,0.39915189390591843,0.10844409348130844,801.2499999999999,1.9999999960384915,1.7188888919205925,0.32178887252363236,0.23530328159278366,1.9999999955963863,0.3333333338226239
582,350.0000037444572,24.657534388551856,19.45793667620664,10.965738668344242,4.425487881054287,30.42367534455088,8.486384770932771,63.56759450403551,0.3878947218458377,0.30609836392301076,0.17250516955849407,0.06961861488676184,0.4786035334815048,0.13350174467265744,740.125,1.2857142694983599,1.1514286659139727,0.5445026683078749,0.22539120734463136,2.9999999769843773,0.25000000143948414
594,278.83822648260264,11.512696579209882,9.943629576951663,11.487143435478217,4.635913329614037,21.43077301242988,8.88359771868632,41.82706731032608,0.2752451299966632,0.2377319333238748,0.274634206368141,0.11083524683236741,0.5123661396920158,0.21238873031132108,576.8750000000001,0.8247234681423674,1.5141920128729205,0.7318996583724503,0.3875157678727457,3.2835375849995447,0.2334519028562004
608,68.84519768668206,32.608695922110684,4.394485636094704,5.392145690254285,2.176130229510803,9.786631326348989,4.1828836421500615,46.57821089060973,0.7000847670747411,0.09434638110972704,0.11576541020259225,0.04671991877535845,0.21011179131231927,0.08980344161293967,987.3888888888885,1.476216737800603,2.8772279954208124,0.20061328658185074,0.2148676027871004,0.5123287546131013,0.6612318895316889
632,150.0000003883952,49.31506843830573,12.97195782339645,4.55085295924574,1.8366062906223748,17.52281078264219,3.521621324906763,70.35950054585467,0.700901343183443,0.1843668264094963,0.06468000659384811,0.026103174075623552,0.24904683300334443,0.05005182381321273,1379.6250000000007,1.9999999970463769,1.115000020214218,0.12122859723852007,0.19582652480072135,1.0000000022246234,0.49999999944393314
669,375.0000005629867,24.657534095973197,32.42989456203179,11.762436735902256,4.747014569722833,44.19233129793405,9.4464708084905,78.29633620239774,0.31492577165083346,0.41419427951519733,0.15022972090924025,0.060628821219063135,0.5644240004244375,0.12065022792472901,830.4166666666666,1.999999999440742,1.1451111367347788,0.5171098969435718,0.252713623986159,5.000000036647113,0.16666666564870775
677,150.00000110600715,24.65753459529108,12.97195771724753,9.139900677061474,3.6886269957482853,22.111858394309003,7.081243969776865,53.85063695937694,0.45788751976864955,0.24088773039087963,0.16972688148436013,0.06849736983669957,0.41061461187523973,0.13149786835611083,791.7083333333331,1.999999971112312,2.238888935720148,0.4241882126215455,0.23647496531395948,1.9999999575743532,0.3333333380474535
684,176.62431451650812,6.86323911146946,15.274421026904792,13.717622621638753,5.536076912373185,28.992043648543543,10.626546441229209,46.48182920124221,0.14765423885869883,0.3286105837353016,0.2951179602301915,0.11910195892689256,0.623728543965493,0.22861721717580807,605.0,1.9999999983328656,2.85377890896655,0.8331351133518766,0.6926284719478235,8.46076710933836,0.10569967407959292
687,150.0000000385811,24.657534256337538,12.971957806411423,6.6698439110914,2.6917761119247654,19.641801717502823,5.486470625455975,49.78580659929633,0.4952723665761809,0.2605553408186575,0.13397079140996926,0.05406713872469048,0.39452613222862676,0.11020150119519245,746.0416666666665,1.9999999990918347,1.6161111223422087,0.324937170730432,0.22008679774806544,1.9999999988144266,0.3333333334653038
71,168.65215377589172,9.387015893490652,10.502773889421723,11.381955245306113,4.5934621026683775,21.884729134727834,8.83330764079801,40.105052669016494,0.23406067985899123,0.261881563305756,0.2838035231929602,0.11453574542284783,0.5456850864987162,0.2202542336422926,534.9999999999999,1.440216729405667,2.4790052200942574,0.7814758310104207,0.44438665977465885,4.2535405344271595,0.19034782228467156
722,150.0000001471031,24.657534440257557,12.971957758020626,8.994650243862553,3.63000768597982,21.96660800188318,6.953266097131473,53.57740853927221,0.46022260337925075,0.24211618500570417,0.1678813979453575,0.06775258051757069,0.4099975829510617,0.12977981366968752,871.9583333333334,1.999999990184043,2.2041667071190743,0.3791752355048703,0.2584856734320544,1.9999999764356382,0.33333333595162995
733,250.00001202878488,49.31506895008577,21.61992956141546,7.000659627462646,2.82528475990026,28.620589188878107,5.413085311018469,83.34874344998234,0.5916714146948092,0.2593911877554531,0.08399238354041592,0.03389714881059624,0.34338357129586905,0.06494501400932177,1861.3055555555532,1.999999892650972,1.029277757067756,0.13824675420962587,0.26496380571923767,1.6666666419583251,0.37500000347461054
744,75.0000083830486,24.657533750158425,6.48597903570827,7.5919428534728075,3.0639113431264824,14.077921889181077,5.886628347567857,44.62208398690736,0.5525858845452676,0.14535356613132033,0.17013868863005976,0.06866356452615413,0.3154922547613801,0.13192186069335224,692.2083333333335,1.9999998169164603,3.7188888515289054,0.40293749960675684,0.20604964127492065,1.0000000403646658,0.49999998993376804
745,300.00000086079467,24.6575339910143,25.943915685154018,7.705775266542456,3.109851154364658,33.64969095169647,5.966737156613519,64.2739620993243,0.3836317722705556,0.403645812981969,0.11988953247715634,0.04838430762302969,0.5235353454591253,0.09283288227031902,692.3333333333334,1.9999999994435824,0.9438889368789808,0.4090033922140426,0.20626995153933564,4.0000000518221075,0.199999997927116
755,150.7826174996562,6.235510458519801,11.331753688889313,12.004051109254235,4.844523867864731,23.33580479814355,9.304959783593374,38.87627504025672,0.16039372218822087,0.29148249612791305,0.3087757532537244,0.12461389016432732,0.6002582493816375,0.2393480284301417,526.3333333333334,1.7380472348315321,2.9249636576367624,0.8379360539388966,0.6637792007744393,6.908746016209649,0.12644229540887375
761,225.0000030200028,24.657533957780796,19.457936789432548,7.574900583593235,3.05703352475977,27.03283737302578,5.858277821361698,57.548649152168274,0.42846416590217684,0.33811283281354704,0.13162603632213726,0.053120856350189226,0.4697388691356843,0.1017969649621389,721.6666666666665,1.9999999809656734,1.2374076427981027,0.3857968453116134,0.21417252467976308,3.000000046851884,0.2499999970719442
777,300.0000002393074,49.31506882551719,25.943915530504135,9.608145749652966,3.8775985695556265,35.552061280157105,7.423626411693023,92.29075651736731,0.5343446157171445,0.28111066058519085,0.10410734630661415,0.042015026378356087,0.3852180068918051,0.08043737739105045,2152.333333333333,1.99999999166497,1.1773611422416086,0.16410485192236357,0.3077410523754259,1.9999999797810442,0.3333333355798847
781,157.50000542749396,49.315066719341345,13.620556166000746,2.2720172591131766,0.9169272722846814,15.892573425113923,1.7581332853950027,66.96577342985027,0.7364219689182138,0.2033957866591193,0.03392803730540377,0.0136924763998314,0.2373238239645231,0.026254207117263093,1109.5416666666667,1.9999999995916542,0.5301589333627302,0.07525633096134086,0.15624639580462613,1.0500000737362714,0.48780486050297
839,294.9998801922033,50.95894351265719,25.51150665961902,16.6635917446605,6.724993687266693,42.175098404279524,12.90912776383975,106.04316968077647,0.4805490411693629,0.2405766136227042,0.15713969881156126,0.06341750918527854,0.3977163124342655,0.12173464639637153,2957.166666666667,1.9999999997072062,2.0755638892861255,0.20705329380736193,0.4122137274912118,1.9032235615856201,0.3444447107799977
85,136.42409939423726,4.463309820759833,11.797917734557553,9.139861943329825,3.6886113638182176,20.937779677887377,7.0881180824907455,32.489207581137954,0.13737822966636673,0.363133440700074,0.28131994049113385,0.1135334358219217,0.6444533811912079,0.21816838914242548,370.5,1.999999998548333,2.4612541827680188,0.9062736444383978,0.6596649002754285,10.04899065347972,0.09050600469874107
865,497.4999945325861,58.35616686777856,43.02365941294704,18.205337121615035,7.34720215746125,61.22899653456207,14.446470117002827,134.03163351934347,0.43539099938938364,0.32099630723920003,0.1358286595752609,0.05481692615796479,0.45682496681446094,0.10778403379615537,2794.416666666665,1.9999999916030364,1.3388609447213158,0.23836220296856753,0.3423508649659381,2.8028167395228745,0.26296297415727377
87,75.00000799351659,24.657533283500925,6.4859791586807,7.788672057482242,3.143306150400753,14.274651216162942,6.35647140378541,45.28865590344928,0.5444527507300775,0.14321421179970842,0.17197843261427062,0.0694060375097454,0.31519264441397904,0.14035460485594337,687.9583333333333,1.999999865223441,3.780000101815933,0.4120889654436754,0.20595662468494652,1.0000000782499556,0.499999980470991
877,132.49999938448454,30.410959121883234,11.45856267397046,10.038203190015398,4.05115860486591,21.496765863985857,7.783045602267031,59.690770588136125,0.5094750632676132,0.19196540036371912,0.16817010554744868,0.06786909542211708,0.3601355059111678,0.13038943082121904,1106.6944444444446,1.9999999992926512,2.7833333295820797,0.33323711554508845,0.26404668769388984,1.4324324150139118,0.41111111405508816
887,138.70501694885476,5.935431407825683,11.410687224962563,9.445828100146542,3.8120913736887787,20.856515325109108,7.32961501895096,34.12156175188575,0.1739495821142377,0.3344128064223773,0.27682871519280655,0.11172089370962339,0.611241521615184,0.21480889627057836,416.08333333333337,1.902546844234762,2.501565238237561,0.8339186431445788,0.5510153907908961,7.308590413360824,0.1203573591031319
898,225.00000145498188,24.657533951740596,19.45793679100339,8.590629037780083,3.4669551999335804,28.048565828783474,6.65381736873182,59.35991714925589,0.4153903026808671,0.3277958886310087,0.1447210415772585,0.05840566103244705,0.4725169302082673,0.11209276711086565,728.7083333333333,1.9999999950384304,1.4029630858579971,0.4331866151651922,0.21797270904305968,3.0000000478289652,0.24999999701070327
900,300.000000531153,24.65753410751766,25.94391565450966,9.119251563718272,3.6802935488534896,35.06316721822793,7.05919846184707,66.77989978759267,0.3692358656713482,0.38849887072352113,0.13655683211151776,0.05511079771846659,0.5250557028350389,0.10570843149361284,745.5416666666666,1.9999999992788398,1.1170833770352082,0.44950541155165213,0.22359091731804842,4.000000028197966,0.1999999988720877
918,150.00001251014132,24.65753021814857,12.971958868612901,4.792149859395407,1.9339874648091162,17.76410872800831,3.707494506152549,46.129133452309425,0.5345326992461443,0.2812096802560567,0.10388553828676984,0.04192551041108474,0.3850952185428266,0.08037208221102916,552.5416666666666,1.9999999965732422,1.174167144570759,0.31875439808390454,0.1621786100172613,2.0000004901253776,0.33333327887497144
92,75.00000390724924,24.657534117490528,6.485978938653386,5.67300482289809,2.289477695230251,12.158983761551475,4.39552151655523,41.21203939559723,0.5983090009402627,0.15738068374617484,0.13765406677506353,0.055553613186996045,0.29503475052123834,0.10665624853849899,673.0694444444441,1.9999999063434966,2.779259353581939,0.3096923565590707,0.19727555083560466,1.0000000105035085,0.4999999973824469
921,300.0000004461135,24.657534256355085,25.943915615358097,12.81695705933639,5.172591637791688,38.76087267469449,9.923105305153362,73.34151223620293,0.33620160676457395,0.35374121454986346,0.17475719641637916,0.07052747455128675,0.5284984109662426,0.1352999822691835,911.2083333333331,1.9999999968276003,1.5700000001777457,0.5168960637472828,0.27627543492668294,3.9999999980168894,0.20000000007932459
928,250.0000171126661,49.3150629400033,21.61993114232246,2.7915688304297275,1.1266048190496438,24.41149997275219,2.161479000480536,75.88804191323604,0.6498397072411747,0.28489246259695117,0.03678535853674247,0.014845617183504464,0.32167782113369364,0.028482471625131508,979.958333333333,1.999999998225259,0.41033376579462116,0.10468143897671844,0.13870337327509716,1.6666669669480043,0.3749999577729418
945,150.00001476861635,24.65753523088276,12.971957550107463,9.285358358033728,3.747329945345949,22.25731590814119,7.220294656356854,54.13514579538081,0.4554810903083726,0.23962173481786989,0.17152181307741152,0.0692217577008114,0.4111435478952814,0.133375361796346,892.4166666666665,1.9999997631747686,2.273055502405774,0.3820618458463918,0.2647910356571438,1.9999998802513663,0.3333333466397114
972,224.99999863034023,24.65753502159872,19.45793650958757,10.98194290209547,4.432027489762531,30.439879411683037,8.51039174259301,63.607806175874764,0.3876495119706055,0.3059048516118702,0.17265086728082618,0.06967741471083018,0.4785557188926963,0.1337947691366982,951.1805555555555,1.9999999912208,1.7933333539489194,0.4242096832462878,0.2841140944038012,2.999999874274563,0.2500000078578759
978,225.000003363714,24.657534321347363,19.45793669378266,9.602476769460598,3.8753107160969553,29.060413463243258,7.444238033096044,61.16218581768666,0.40314998543130853,0.3181367119838265,0.1570002222955836,0.06336122007883353,0.4751369342794101,0.12171308028928138,795.0416666666666,1.9999999680790106,1.5679629965513449,0.44373986205951266,0.2382423852703592,2.9999999878707726,0.25000000075810525
992,225.00000087799265,24.657533959049886,19.45793678907933,6.756761803293125,2.7268539201982684,26.214698592372457,5.232052585133939,56.104285136556285,0.43949466424951544,0.3468173017750649,0.12043218778828307,0.04860330924030457,0.467249489563348,0.09325584618713646,622.2916666666666,1.9999999999694573,1.1035185365508133,0.39899565588400004,0.18509857196411963,3.000000046643019,0.24999999708481135
999,141.6542151713058,6.031491048935037,12.250216645932035,10.48435256283416,4.231212926992805,22.734569208766196,8.12994416616397,36.89600442386521,0.1634727430006954,0.3320201424848135,0.2841595648783214,0.11467943461801942,0.616179707363135,0.22034754963616954,455.49999999999994,1.9999999937149815,2.719117786439344,0.8456081141523679,0.5946110908998329,7.721349215185417,0.11466115796152541
