,time,Power_original,Power_noise,TimeLag,EnergyLag,PredictionGridUpper,PredictionGridLower
0,60,0.0,10.845889355293103,0,0.0,315.0,-315.0
1,120,0.0,0.0,0,0.0,315.0,-315.0
2,180,0.0,0.0,0,0.0,315.0,-315.0
3,240,0.0,0.0,0,0.0,315.0,-315.0
4,300,0.0,5.778398858303322,0,0.0,315.0,-315.0
5,360,0.0,0.0,0,0.0,315.0,-315.0
6,420,0.0,11.650253550653789,0,0.0,315.0,-315.0
7,480,0.0,0.0,0,0.0,315.0,-315.0
8,540,0.0,2.1302506309645852,0,0.0,315.0,-315.0
9,600,0.0,0.0,0,0.0,315.0,-315.0
10,660,0.0,9.762616537977378,0,0.0,315.0,-315.0
11,720,0.0,0.0,0,0.0,315.0,-315.0
12,780,0.0,0.0,0,0.0,315.0,-315.0
13,840,0.0,0.0,0,0.0,315.0,-315.0
14,900,0.0,7.570273047260577,0,0.0,315.0,-315.0
15,960,0.0,0.0,0,0.0,315.0,-315.0
16,1020,0.0,0.0,0,0.0,315.0,-315.0
17,1080,0.0,0.0,0,0.0,315.0,-315.0
18,1140,0.0,0.2818647046322396,0,0.0,315.0,-315.0
19,1200,0.0,3.891505749915021,0,0.0,315.0,-315.0
20,1260,0.0,0.0,0,0.0,315.0,-315.0
21,1320,0.0,7.64341560424159,0,0.0,315.0,-315.0
22,1380,0.0,6.019996373958145,0,0.0,315.0,-315.0
23,1440,0.0,3.3551965753760156,0,0.0,315.0,-315.0
24,1500,0.0,6.015090244567584,0,0.0,315.0,-315.0
25,1560,0.0,0.0,0,0.0,315.0,-315.0
26,1620,0.0,0.0,0,0.0,315.0,-315.0
27,1680,0.0,0.0,0,0.0,315.0,-315.0
28,1740,0.0,0.0,0,0.0,315.0,-315.0
29,1800,0.0,3.5412276476997624,0,0.0,315.0,-315.0
30,1860,0.0,0.0,0,0.0,315.0,-315.0
31,1920,0.0,0.0,0,0.0,315.0,-315.0
32,1980,0.0,0.0,0,0.0,315.0,-315.0
33,2040,0.0,0.0,0,0.0,315.0,-315.0
34,2100,0.0,0.0,0,0.0,315.0,-315.0
35,2160,0.0,0.0,0,0.0,315.0,-315.0
36,2220,0.0,0.0,0,0.0,315.0,-315.0
37,2280,0.0,1.5652131489662091,0,0.0,315.0,-315.0
38,2340,0.0,11.082637453410698,0,0.0,315.0,-315.0
39,2400,0.0,4.954690697188251,0,0.0,315.0,-315.0
40,2460,0.0,0.0,0,0.0,315.0,-315.0
41,2520,0.0,0.0,0,0.0,315.0,-315.0
42,2580,0.0,0.0,0,0.0,315.0,-315.0
43,2640,0.0,11.300660408945683,0,0.0,315.0,-315.0
44,2700,0.0,0.33924761261911013,0,0.0,315.0,-315.0
45,2760,0.0,0.0,0,0.0,315.0,-315.0
46,2820,0.0,1.2747586007483929,0,0.0,315.0,-315.0
47,2880,0.0,14.023578567530603,0,0.0,315.0,-315.0
48,2940,0.0,0.802311338965878,0,0.0,315.0,-315.0
49,3000,0.0,4.121116597108913,0,0.0,315.0,-315.0
50,3060,0.0,2.00426224053839,0,0.0,315.0,-315.0
51,3120,0.0,0.0,0,0.0,315.0,-315.0
52,3180,0.0,0.0,0,0.0,315.0,-315.0
53,3240,0.0,0.0,0,0.0,315.0,-315.0
54,3300,0.0,0.0,0,0.0,315.0,-315.0
55,3360,0.0,3.916931932789465,0,0.0,315.0,-315.0
56,3420,0.0,5.601962169724559,0,0.0,315.0,-315.0
57,3480,0.0,6.217046188703961,0,0.0,315.0,-315.0
58,3540,0.0,1.906890369666457,0,0.0,315.0,-315.0
59,3600,0.0,5.91016131559934,0,0.0,315.0,-315.0
60,3660,0.0,0.0,0,0.0,315.0,-315.0
61,3720,0.0,8.365505078172266,0,0.0,315.0,-315.0
62,3780,0.0,3.4248751550827463,0,0.0,315.0,-315.0
63,3840,0.0,0.0,0,0.0,315.0,-315.0
64,3900,0.0,3.2618763742764125,0,0.0,315.0,-315.0
65,3960,0.0,0.0,0,0.0,315.0,-315.0
66,4020,0.0,7.555983722462132,0,0.0,315.0,-315.0
67,4080,0.0,10.14794353465239,0,0.0,315.0,-315.0
68,4140,0.0,14.593269120705795,0,0.0,315.0,-315.0
69,4200,0.0,0.0,0,0.0,315.0,-315.0
70,4260,0.0,0.0,0,0.0,315.0,-315.0
71,4320,0.0,0.0,0,0.0,315.0,-315.0
72,4380,0.0,1.068580849125618,0,0.0,315.0,-315.0
73,4440,0.0,5.850252900369793,0,0.0,315.0,-315.0
74,4500,0.0,2.1075208456444683,0,0.0,315.0,-315.0
75,4560,0.0,0.0,0,0.0,315.0,-315.0
76,4620,0.0,0.0,0,0.0,315.0,-315.0
77,4680,0.0,5.528455686575467,0,0.0,315.0,-315.0
78,4740,0.0,1.5363617225892683,0,0.0,315.0,-315.0
79,4800,300.0,305.0880121518751,0,-48.333333333333336,315.0,-315.0
80,4860,300.0,298.5154964644454,0,-43.333333333333336,315.0,-315.0
81,4920,300.0,298.65952164391535,0,-38.333333333333336,315.0,-315.0
82,4980,300.0,301.24568595441133,0,-33.333333333333336,315.0,-315.0
83,5040,300.0,302.73794901938015,0,-28.333333333333336,315.0,-315.0
84,5100,300.0,301.3240637562631,0,-23.333333333333336,315.0,-315.0
85,5160,300.0,300.79463064544353,0,-18.333333333333336,315.0,-315.0
86,5220,300.0,295.5219320259243,0,-13.333333333333336,315.0,-315.0
87,5280,300.0,302.5210248649136,0,-8.333333333333336,315.0,-315.0
88,5340,300.0,300.8134107781824,0,-3.3333333333333357,315.0,-315.0
89,5400,200.00000000000014,207.54165817678702,0,0.0,315.0,-315.0
90,5460,0.0,8.005274593925687,0,0.0,315.0,-315.0
91,5520,0.0,1.23630482924175,0,0.0,315.0,-315.0
92,5580,0.0,0.0,0,0.0,315.0,-315.0
93,5640,0.0,0.0,0,0.0,315.0,-315.0
94,5700,0.0,2.8277070932822537,0,0.0,315.0,-315.0
95,5760,0.0,0.5164060813690269,0,0.0,315.0,-315.0
96,5820,0.0,0.0,0,0.0,315.0,-315.0
97,5880,0.0,0.29109984615366963,0,0.0,315.0,-315.0
98,5940,0.0,0.0,0,0.0,315.0,-315.0
99,6000,0.0,4.660818060836378,0,0.0,315.0,-315.0
100,6060,0.0,0.0,0,0.0,315.0,-315.0
101,6120,0.0,8.17613998729505,0,0.0,315.0,-315.0
102,6180,0.0,2.694147316540654,0,0.0,315.0,-315.0
103,6240,0.0,3.963373264530832,0,0.0,315.0,-315.0
104,6300,0.0,0.0,0,0.0,315.0,-315.0
105,6360,0.0,1.1309806207354818,0,0.0,315.0,-315.0
106,6420,0.0,4.944757137007418,0,0.0,315.0,-315.0
107,6480,0.0,0.0,0,0.0,315.0,-315.0
108,6540,0.0,0.0,0,0.0,315.0,-315.0
109,6600,0.0,0.21777004615044623,0,0.0,315.0,-315.0
110,6660,0.0,0.0,0,0.0,315.0,-315.0
111,6720,0.0,2.104345523949052,0,0.0,315.0,-315.0
112,6780,0.0,5.649885157312567,0,0.0,315.0,-315.0
113,6840,0.0,0.0,0,0.0,315.0,-315.0
114,6900,0.0,2.340624711705133,0,0.0,315.0,-315.0
115,6960,0.0,0.0,0,0.0,315.0,-315.0
116,7020,0.0,0.0,0,0.0,315.0,-315.0
117,7080,300.0,289.2113533399499,0,-45.583333333333336,315.0,-315.0
118,7140,300.0,307.4877994893652,0,-40.583333333333336,315.0,-315.0
119,7200,300.0,302.730262966849,0,-35.583333333333336,315.0,-315.0
120,7260,300.0,299.8356305342044,0,-30.583333333333336,315.0,-315.0
121,7320,300.0,294.82418127200594,0,-25.583333333333336,315.0,-315.0
122,7380,300.0,308.50497449199764,0,-20.583333333333336,315.0,-315.0
123,7440,300.0,313.13450230491964,0,-15.583333333333336,315.0,-315.0
124,7500,300.0,287.594100259267,0,-10.583333333333336,315.0,-315.0
125,7560,300.0,308.2539702450027,0,-5.583333333333336,315.0,-315.0
126,7620,300.0,310.867959716338,0,-0.5833333333333357,315.0,-315.0
127,7680,35.00000000000014,37.2569322656693,0,0.0,315.0,-315.0
128,7740,0.0,0.0,0,0.0,315.0,-315.0
129,7800,0.0,5.764628630684561,0,0.0,315.0,-315.0
130,7860,0.0,0.0,0,0.0,315.0,-315.0
131,7920,0.0,0.0,0,0.0,315.0,-315.0
132,7980,0.0,0.0,0,0.0,315.0,-315.0
133,8040,0.0,3.6759847387578546,0,0.0,315.0,-315.0
134,8100,0.0,5.293637510982311,0,0.0,315.0,-315.0
135,8160,0.0,0.0,0,0.0,315.0,-315.0
136,8220,0.0,3.4759315840003198,0,0.0,315.0,-315.0
137,8280,0.0,0.0,0,0.0,315.0,-315.0
138,8340,0.0,5.354092931557625,0,0.0,315.0,-315.0
139,8400,0.0,0.3109337321862218,0,0.0,315.0,-315.0
140,8460,0.0,0.0,0,0.0,315.0,-315.0
141,8520,0.0,0.0,0,0.0,315.0,-315.0
142,8580,0.0,5.801625277507931,0,0.0,315.0,-315.0
143,8640,0.0,5.010561053681982,0,0.0,315.0,-315.0
144,8700,0.0,3.5352840928134017,0,0.0,315.0,-315.0
145,8760,0.0,0.9194424542533799,0,0.0,315.0,-315.0
146,8820,0.0,0.51961815616713,0,0.0,315.0,-315.0
147,8880,0.0,4.128976541052648,0,0.0,315.0,-315.0
148,8940,0.0,1.5523855461830312,0,0.0,315.0,-315.0
149,9000,0.0,4.557452622918072,0,0.0,315.0,-315.0
150,9060,0.0,0.0,0,0.0,315.0,-315.0
151,9120,0.0,0.0,0,0.0,315.0,-315.0
152,9180,0.0,6.936318435332129,0,0.0,315.0,-315.0
153,9240,0.0,14.602645351151033,0,0.0,315.0,-315.0
154,9300,0.0,2.9470271700777197,0,0.0,315.0,-315.0
155,9360,0.0,0.0,0,0.0,315.0,-315.0
156,9420,0.0,0.0,0,0.0,315.0,-315.0
157,9480,0.0,0.0,0,0.0,315.0,-315.0
158,9540,0.0,0.1162440700031557,0,0.0,315.0,-315.0
159,9600,0.0,0.0,0,0.0,315.0,-315.0
160,9660,0.0,0.0,0,0.0,315.0,-315.0
161,9720,0.0,0.0,0,0.0,315.0,-315.0
162,9780,0.0,1.6612527338495926,0,0.0,315.0,-315.0
163,9840,0.0,0.0,0,0.0,315.0,-315.0
164,9900,0.0,3.306567277811173,0,0.0,315.0,-315.0
165,9960,0.0,0.0,0,0.0,315.0,-315.0
166,10020,0.0,6.585842243681418,0,0.0,315.0,-315.0
167,10080,0.0,1.4257836537085227,0,0.0,315.0,-315.0
168,10140,0.0,14.627484648641657,0,0.0,315.0,-315.0
169,10200,0.0,0.0,0,0.0,315.0,-315.0
170,10260,0.0,0.0,0,0.0,315.0,-315.0
171,10320,0.0,6.0193030994460806,0,0.0,315.0,-315.0
172,10380,0.0,16.88184143815522,0,0.0,315.0,-315.0
173,10440,0.0,0.0,0,0.0,315.0,-315.0
174,10500,0.0,0.2915815065348689,0,0.0,315.0,-315.0
175,10560,0.0,0.0,0,0.0,315.0,-315.0
176,10620,0.0,8.890250095506731,0,0.0,315.0,-315.0
177,10680,0.0,0.0,0,0.0,315.0,-315.0
178,10740,0.0,4.54088299335276,0,0.0,315.0,-315.0
179,10800,0.0,0.0,0,0.0,315.0,-315.0
180,10860,0.0,0.0,0,0.0,315.0,-315.0
181,10920,0.0,2.093584258511042,0,0.0,315.0,-315.0
182,10980,0.0,3.3598069313754584,0,0.0,315.0,-315.0
183,11040,0.0,8.634976986491456,0,0.0,315.0,-315.0
184,11100,0.0,0.0,0,0.0,315.0,-315.0
185,11160,0.0,0.0,0,0.0,315.0,-315.0
186,11220,0.0,3.7576027388832904,0,0.0,315.0,-315.0
187,11280,0.0,1.6074216262956913,0,0.0,315.0,-315.0
188,11340,0.0,1.8740241087042877,0,0.0,315.0,-315.0
189,11400,0.0,0.0,0,0.0,315.0,-315.0
190,11460,0.0,7.747677326729232,0,0.0,315.0,-315.0
191,11520,0.0,2.4671336583004053,0,0.0,315.0,-315.0
192,11580,0.0,12.71756491715176,0,0.0,315.0,-315.0
193,11640,0.0,7.418618164346703,0,0.0,315.0,-315.0
194,11700,0.0,4.400530409377445,0,0.0,315.0,-315.0
195,11760,0.0,0.0,0,0.0,315.0,-315.0
196,11820,0.0,4.021736027807273,0,0.0,315.0,-315.0
197,11880,0.0,2.806259297268387,0,0.0,315.0,-315.0
198,11940,0.0,5.414791898615409,0,0.0,315.0,-315.0
199,12000,0.0,6.9738269032015925,0,0.0,315.0,-315.0
200,12060,0.0,0.0,0,0.0,315.0,-315.0
201,12120,0.0,5.501954181528243,0,0.0,315.0,-315.0
202,12180,0.0,0.0,0,0.0,315.0,-315.0
203,12240,0.0,13.052883813341573,0,0.0,315.0,-315.0
204,12300,0.0,0.0,0,0.0,315.0,-315.0
205,12360,0.0,0.0,0,0.0,315.0,-315.0
206,12420,0.0,0.0,0,0.0,315.0,-315.0
207,12480,0.0,0.0,0,0.0,315.0,-315.0
208,12540,0.0,0.0,0,0.0,315.0,-315.0
209,12600,0.0,13.060901846604525,0,0.0,315.0,-315.0
210,12660,0.0,0.0,0,0.0,315.0,-315.0
211,12720,0.0,0.0,0,0.0,315.0,-315.0
212,12780,0.0,7.440828001206735,0,0.0,315.0,-315.0
213,12840,0.0,0.0,0,0.0,315.0,-315.0
214,12900,0.0,0.0,0,0.0,315.0,-315.0
215,12960,0.0,5.848049506491677,0,0.0,315.0,-315.0
216,13020,0.0,4.162241199859572,0,0.0,315.0,-315.0
217,13080,0.0,0.0,0,0.0,315.0,-315.0
218,13140,0.0,9.398261876610702,0,0.0,315.0,-315.0
219,13200,0.0,0.8620220061934897,0,0.0,315.0,-315.0
220,13260,0.0,10.796507217370097,0,0.0,315.0,-315.0
221,13320,0.0,3.3568427641868612,0,0.0,315.0,-315.0
222,13380,0.0,10.40827449518052,0,0.0,315.0,-315.0
223,13440,0.0,0.7304909209239527,0,0.0,315.0,-315.0
224,13500,0.0,0.0,0,0.0,315.0,-315.0
225,13560,0.0,16.354638583837037,0,0.0,315.0,-315.0
226,13620,0.0,0.0,0,0.0,315.0,-315.0
227,13680,0.0,0.0,0,0.0,315.0,-315.0
228,13740,0.0,0.0,0,0.0,315.0,-315.0
229,13800,0.0,0.0,0,0.0,315.0,-315.0
230,13860,0.0,1.620324080556566,0,0.0,315.0,-315.0
231,13920,0.0,1.3476369235232977,0,0.0,315.0,-315.0
232,13980,0.0,4.413687545320439,0,0.0,315.0,-315.0
233,14040,0.0,11.966389707847275,0,0.0,315.0,-315.0
234,14100,0.0,0.0,0,0.0,315.0,-315.0
235,14160,0.0,0.0,0,0.0,315.0,-315.0
236,14220,0.0,0.0,0,0.0,315.0,-315.0
237,14280,0.0,0.0,0,0.0,315.0,-315.0
238,14340,0.0,0.0,0,0.0,315.0,-315.0
239,14400,0.0,5.508792890264478,0,0.0,315.0,-315.0
240,14460,0.0,0.0,0,0.0,315.0,-315.0
241,14520,0.0,0.0,0,0.0,315.0,-315.0
242,14580,0.0,0.0,0,0.0,315.0,-315.0
243,14640,0.0,0.0,0,0.0,315.0,-315.0
244,14700,0.0,0.0,0,0.0,315.0,-315.0
245,14760,0.0,4.505105082979065,0,0.0,315.0,-315.0
246,14820,0.0,4.130037321187645,0,0.0,315.0,-315.0
247,14880,0.0,0.0,0,0.0,315.0,-315.0
248,14940,0.0,12.089092499525183,0,0.0,315.0,-315.0
249,15000,0.0,0.0,0,0.0,315.0,-315.0
250,15060,0.0,0.0,0,0.0,315.0,-315.0
251,15120,0.0,0.0,0,0.0,315.0,-315.0
252,15180,0.0,0.0,0,0.0,315.0,-315.0
253,15240,0.0,12.937041349249032,0,0.0,315.0,-315.0
254,15300,0.0,2.4460293887518474,0,0.0,315.0,-315.0
255,15360,0.0,0.0,0,0.0,315.0,-315.0
256,15420,0.0,13.695856009079394,0,0.0,315.0,-315.0
257,15480,0.0,3.910513980317679,0,0.0,315.0,-315.0
258,15540,0.0,2.8679818307716585,0,0.0,315.0,-315.0
259,15600,0.0,0.0,0,0.0,315.0,-315.0
260,15660,0.0,0.7092579802768189,0,0.0,315.0,-315.0
261,15720,0.0,0.0,0,0.0,315.0,-315.0
262,15780,0.0,5.308455484649224,0,0.0,315.0,-315.0
263,15840,0.0,0.0,0,0.0,315.0,-315.0
264,15900,0.0,0.8950509790782649,0,0.0,315.0,-315.0
265,15960,0.0,8.026220486145952,0,0.0,315.0,-315.0
266,16020,0.0,1.9012868651483972,0,0.0,315.0,-315.0
267,16080,0.0,1.7525170056453663,0,0.0,315.0,-315.0
268,16140,0.0,1.8462088999064554,0,0.0,315.0,-315.0
269,16200,0.0,0.0,0,0.0,315.0,-315.0
270,16260,0.0,5.582073178722566,0,0.0,315.0,-315.0
271,16320,0.0,10.305137396100772,0,0.0,315.0,-315.0
272,16380,0.0,5.066608626278892,0,0.0,315.0,-315.0
273,16440,0.0,5.908609896583231,0,0.0,315.0,-315.0
274,16500,0.0,0.0,0,0.0,315.0,-315.0
275,16560,0.0,0.0,0,0.0,315.0,-315.0
276,16620,0.0,0.0,0,0.0,315.0,-315.0
277,16680,0.0,8.22785644167737,0,0.0,315.0,-315.0
278,16740,0.0,0.0,0,0.0,315.0,-315.0
279,16800,0.0,9.346874657607415,0,0.0,315.0,-315.0
280,16860,0.0,0.0,0,0.0,315.0,-315.0
281,16920,0.0,0.0,0,0.0,315.0,-315.0
282,16980,0.0,0.6371612592666269,0,0.0,315.0,-315.0
283,17040,0.0,6.152598895945279,0,0.0,315.0,-315.0
284,17100,0.0,0.40563411986962317,0,0.0,315.0,-315.0
285,17160,0.0,1.4096975829161087,0,0.0,315.0,-315.0
286,17220,0.0,0.11035594419687088,0,0.0,315.0,-315.0
287,17280,0.0,1.183097173925944,0,0.0,315.0,-315.0
288,17340,0.0,0.0,0,0.0,315.0,-315.0
289,17400,0.0,0.5403569971236624,0,0.0,315.0,-315.0
290,17460,0.0,0.0,0,0.0,315.0,-315.0
291,17520,0.0,0.0,0,0.0,315.0,-315.0
292,17580,0.0,3.287372212035332,0,0.0,315.0,-315.0
293,17640,0.0,0.0,0,0.0,315.0,-315.0
294,17700,0.0,0.0,0,0.0,315.0,-315.0
295,17760,0.0,0.0,0,0.0,315.0,-315.0
296,17820,0.0,2.7863602623842385,0,0.0,315.0,-315.0
297,17880,0.0,5.2399790343853425,0,0.0,315.0,-315.0
298,17940,0.0,0.0,0,0.0,315.0,-315.0
299,18000,0.0,3.912172774341423,0,0.0,315.0,-315.0
300,18060,0.0,13.793407377711175,0,0.0,315.0,-315.0
301,18120,0.0,0.0,0,0.0,315.0,-315.0
302,18180,0.0,0.0,0,0.0,315.0,-315.0
303,18240,0.0,0.0,0,0.0,315.0,-315.0
304,18300,0.0,0.0,0,0.0,315.0,-315.0
305,18360,0.0,10.835898584338695,0,0.0,315.0,-315.0
306,18420,0.0,0.08915693269312705,0,0.0,315.0,-315.0
307,18480,0.0,0.0,0,0.0,315.0,-315.0
308,18540,0.0,4.151833815206999,0,0.0,315.0,-315.0
309,18600,0.0,0.0,0,0.0,315.0,-315.0
310,18660,0.0,7.50111662350063,0,0.0,315.0,-315.0
311,18720,0.0,2.03829346662928,0,0.0,315.0,-315.0
312,18780,0.0,9.272995761180647,0,0.0,315.0,-315.0
313,18840,0.0,0.0,0,0.0,315.0,-315.0
314,18900,0.0,20.23728551073408,0,0.0,315.0,-315.0
315,18960,0.0,5.505820256733815,0,0.0,315.0,-315.0
316,19020,0.0,4.370686227167448,0,0.0,315.0,-315.0
317,19080,0.0,0.0,0,0.0,315.0,-315.0
318,19140,0.0,0.0,0,0.0,315.0,-315.0
319,19200,0.0,0.0,0,0.0,315.0,-315.0
320,19260,0.0,0.0,0,0.0,315.0,-315.0
321,19320,0.0,0.0,0,0.0,315.0,-315.0
322,19380,0.0,1.8874492869920558,0,0.0,315.0,-315.0
323,19440,0.0,0.0,0,0.0,315.0,-315.0
324,19500,0.0,4.147020950393796,0,0.0,315.0,-315.0
325,19560,0.0,6.3841042952492755,0,0.0,315.0,-315.0
326,19620,0.0,0.0,0,0.0,315.0,-315.0
327,19680,0.0,7.963664264903734,0,0.0,315.0,-315.0
328,19740,0.0,0.0,0,0.0,315.0,-315.0
329,19800,0.0,7.713953489401587,0,0.0,315.0,-315.0
330,19860,0.0,2.925673214725867,0,0.0,315.0,-315.0
331,19920,0.0,7.493879731064543,0,0.0,315.0,-315.0
332,19980,0.0,0.0,0,0.0,315.0,-315.0
333,20040,0.0,0.0,0,0.0,315.0,-315.0
334,20100,0.0,9.691314125404057,0,0.0,315.0,-315.0
335,20160,0.0,0.0,0,0.0,315.0,-315.0
336,20220,0.0,0.0,0,0.0,315.0,-315.0
337,20280,0.0,0.0,0,0.0,315.0,-315.0
338,20340,0.0,0.0,0,0.0,315.0,-315.0
339,20400,0.0,0.0,0,0.0,315.0,-315.0
340,20460,0.0,0.0,0,0.0,315.0,-315.0
341,20520,0.0,8.53683855314108,0,0.0,315.0,-315.0
342,20580,0.0,0.0,0,0.0,315.0,-315.0
343,20640,0.0,2.160219100609562,0,0.0,315.0,-315.0
344,20700,0.0,0.0,0,0.0,315.0,-315.0
345,20760,0.0,0.05708202108845654,0,0.0,315.0,-315.0
346,20820,0.0,0.0,0,0.0,315.0,-315.0
347,20880,0.0,0.0,0,0.0,315.0,-315.0
348,20940,0.0,3.0792311258882106,0,0.0,315.0,-315.0
349,21000,0.0,0.0,0,0.0,315.0,-315.0
350,21060,0.0,6.744703340328733,0,0.0,315.0,-315.0
351,21120,0.0,6.143036408456418,0,0.0,315.0,-315.0
352,21180,0.0,0.0,0,0.0,315.0,-315.0
353,21240,0.0,5.377679009716962,0,0.0,315.0,-315.0
354,21300,0.0,0.0,0,0.0,315.0,-315.0
355,21360,0.0,0.0,0,0.0,315.0,-315.0
356,21420,0.0,1.0433867502408685,0,0.0,315.0,-315.0
357,21480,0.0,0.0,0,0.0,315.0,-315.0
358,21540,0.0,0.0,0,0.0,315.0,-315.0
359,21600,0.0,0.0,0,0.0,315.0,-315.0
360,21660,0.0,0.0,0,0.0,315.0,-315.0
361,21720,0.0,6.270907969061965,0,0.0,315.0,-315.0
362,21780,0.0,0.0,0,0.0,315.0,-315.0
363,21840,0.0,2.353634245424401,0,0.0,315.0,-315.0
364,21900,0.0,0.0,0,0.0,315.0,-315.0
365,21960,0.0,4.859671390622655,0,0.0,315.0,-315.0
366,22020,0.0,3.439189441071181,0,0.0,315.0,-315.0
367,22080,0.0,0.0,0,0.0,315.0,-315.0
368,22140,0.0,3.9037341387086473,0,0.0,315.0,-315.0
369,22200,0.0,2.1652061463587278,0,0.0,315.0,-315.0
370,22260,0.0,0.1459799820585427,0,0.0,315.0,-315.0
371,22320,0.0,0.0,0,0.0,315.0,-315.0
372,22380,0.0,5.697429825766187,0,0.0,315.0,-315.0
373,22440,0.0,0.0,0,0.0,315.0,-315.0
374,22500,0.0,12.250562486275511,0,0.0,315.0,-315.0
375,22560,0.0,3.7684313580401567,0,0.0,315.0,-315.0
376,22620,0.0,14.274456158632375,0,0.0,315.0,-315.0
377,22680,0.0,0.0,0,0.0,315.0,-315.0
378,22740,0.0,0.0,0,0.0,315.0,-315.0
379,22800,0.0,4.772709708212579,0,0.0,315.0,-315.0
380,22860,0.0,5.693576078811547,0,0.0,315.0,-315.0
381,22920,0.0,0.2361023147093693,0,0.0,315.0,-315.0
382,22980,0.0,0.0,0,0.0,315.0,-315.0
383,23040,0.0,0.0,0,0.0,315.0,-315.0
384,23100,0.0,4.126340908780568,0,0.0,315.0,-315.0
385,23160,0.0,0.0,0,0.0,315.0,-315.0
386,23220,0.0,0.0,0,0.0,315.0,-315.0
387,23280,0.0,0.0,0,0.0,315.0,-315.0
388,23340,0.0,0.0,0,0.0,315.0,-315.0
389,23400,0.0,0.0,0,0.0,315.0,-315.0
390,23460,0.0,0.0,0,0.0,315.0,-315.0
391,23520,0.0,11.804815904868414,0,0.0,315.0,-315.0
392,23580,0.0,0.0,0,0.0,315.0,-315.0
393,23640,0.0,3.1890429848443147,0,0.0,315.0,-315.0
394,23700,0.0,0.0,0,0.0,315.0,-315.0
395,23760,0.0,5.30513126650306,0,0.0,315.0,-315.0
396,23820,0.0,0.0,0,0.0,315.0,-315.0
397,23880,0.0,6.147023861179447,0,0.0,315.0,-315.0
398,23940,0.0,0.0,0,0.0,315.0,-315.0
399,24000,0.0,14.092685826646406,0,0.0,315.0,-315.0
400,24060,0.0,0.0,0,0.0,315.0,-315.0
401,24120,0.0,0.5099988310656091,0,0.0,315.0,-315.0
402,24180,0.0,2.4520374239537217,0,0.0,315.0,-315.0
403,24240,0.0,8.232170649095501,0,0.0,315.0,-315.0
404,24300,0.0,0.0,0,0.0,315.0,-315.0
405,24360,0.0,0.5773300477298774,0,0.0,315.0,-315.0
406,24420,0.0,0.0,0,0.0,315.0,-315.0
407,24480,0.0,0.0,0,0.0,315.0,-315.0
408,24540,0.0,3.0154773365198944,0,0.0,315.0,-315.0
409,24600,0.0,7.372663991253749,0,0.0,315.0,-315.0
410,24660,0.0,0.0,0,0.0,315.0,-315.0
411,24720,0.0,13.730457191355272,0,0.0,315.0,-315.0
412,24780,0.0,11.753330772436131,0,0.0,315.0,-315.0
413,24840,0.0,0.0,0,0.0,315.0,-315.0
414,24900,0.0,0.0,0,0.0,315.0,-315.0
415,24960,0.0,0.0,0,0.0,315.0,-315.0
416,25020,0.0,0.0,0,0.0,315.0,-315.0
417,25080,0.0,7.450564064368668,0,0.0,315.0,-315.0
418,25140,0.0,2.071713921556196,0,0.0,315.0,-315.0
419,25200,0.0,0.0,0,0.0,315.0,-315.0
420,25260,0.0,0.0,0,0.0,315.0,-315.0
421,25320,0.0,10.772548344739135,0,0.0,315.0,-315.0
422,25380,0.0,0.0,0,0.0,315.0,-315.0
423,25440,0.0,0.0,0,0.0,315.0,-315.0
424,25500,0.0,13.718896351188668,0,0.0,315.0,-315.0
425,25560,0.0,0.35661992799730224,0,0.0,315.0,-315.0
426,25620,0.0,0.0,0,0.0,315.0,-315.0
427,25680,0.0,2.338095300092987,0,0.0,315.0,-315.0
428,25740,0.0,0.11461030839365385,0,0.0,315.0,-315.0
429,25800,0.0,0.0,0,0.0,315.0,-315.0
430,25860,0.0,8.068963610435501,0,0.0,315.0,-315.0
431,25920,0.0,7.449633912342247,0,0.0,315.0,-315.0
432,25980,0.0,5.614502695504662,0,0.0,315.0,-315.0
433,26040,0.0,0.0,0,0.0,315.0,-315.0
434,26100,0.0,7.657949388250714,0,0.0,315.0,-315.0
435,26160,0.0,0.0,0,0.0,315.0,-315.0
436,26220,0.0,3.1158159822259055,0,0.0,315.0,-315.0
437,26280,0.0,6.902013357804377,0,0.0,315.0,-315.0
438,26340,0.0,5.400721197190648,0,0.0,315.0,-315.0
439,26400,0.0,11.950341165991873,0,0.0,315.0,-315.0
440,26460,0.0,3.0132609821015577,0,0.0,315.0,-315.0
441,26520,0.0,0.0,0,0.0,315.0,-315.0
442,26580,0.0,0.0,0,0.0,315.0,-315.0
443,26640,0.0,9.014775737239441,0,0.0,315.0,-315.0
444,26700,0.0,0.0,0,0.0,315.0,-315.0
445,26760,150.0,152.5809540836491,0,-49.458333333333336,315.0,-315.0
446,26820,150.0,144.31475962670564,0,-46.958333333333336,315.0,-315.0
447,26880,150.0,156.68296867269868,0,-44.458333333333336,315.0,-315.0
448,26940,150.0,147.43044300518937,0,-41.958333333333336,315.0,-315.0
449,27000,150.0,159.73591021821565,0,-39.458333333333336,315.0,-315.0
450,27060,150.0,146.4462290896278,0,-36.958333333333336,315.0,-315.0
451,27120,150.0,157.46586986766712,0,-34.458333333333336,315.0,-315.0
452,27180,150.0,154.50299899156434,0,-31.958333333333336,315.0,-315.0
453,27240,150.0,145.17652904822427,0,-29.458333333333336,315.0,-315.0
454,27300,150.0,157.33809009678063,0,-26.958333333333336,315.0,-315.0
455,27360,150.0,143.97971137088422,0,-24.458333333333336,315.0,-315.0
456,27420,150.0,144.5083180407539,0,-21.958333333333336,315.0,-315.0
457,27480,150.0,154.81892644004412,0,-19.458333333333336,315.0,-315.0
458,27540,150.0,145.82453934437814,0,-16.958333333333336,315.0,-315.0
459,27600,150.0,146.03486035301935,0,-14.458333333333336,315.0,-315.0
460,27660,150.0,147.70374630620978,0,-11.958333333333336,315.0,-315.0
461,27720,150.0,143.32178697178873,0,-9.458333333333336,315.0,-315.0
462,27780,150.0,156.9775147562601,0,-6.958333333333336,315.0,-315.0
463,27840,150.0,154.06310335134154,0,-4.458333333333336,315.0,-315.0
464,27900,150.0,149.53708651480625,0,-1.9583333333333357,315.0,-315.0
465,27960,117.50000000000014,116.77625713481015,0,0.0,315.0,-315.0
466,28020,0.0,3.005725871705851,0,0.0,315.0,-315.0
467,28080,0.0,11.787289577424218,0,0.0,315.0,-315.0
468,28140,0.0,5.81553795232466,0,0.0,315.0,-315.0
469,28200,0.0,0.0,0,0.0,315.0,-315.0
470,28260,0.0,5.190892818380427,0,0.0,315.0,-315.0
471,28320,0.0,0.0,0,0.0,315.0,-315.0
472,28380,0.0,0.0,0,0.0,315.0,-315.0
473,28440,0.0,12.462584911172003,0,0.0,315.0,-315.0
474,28500,0.0,0.0,0,0.0,315.0,-315.0
475,28560,0.0,0.0,0,0.0,315.0,-315.0
476,28620,0.0,0.0,0,0.0,315.0,-315.0
477,28680,0.0,0.0,0,0.0,315.0,-315.0
478,28740,0.0,3.0121854555091425,0,0.0,315.0,-315.0
479,28800,0.0,0.0,0,0.0,315.0,-315.0
480,28860,0.0,3.441460905656849,0,0.0,315.0,-315.0
481,28920,0.0,0.0,0,0.0,315.0,-315.0
482,28980,0.0,0.0,0,0.0,315.0,-315.0
483,29040,0.0,4.504164824570816,0,0.0,315.0,-315.0
484,29100,0.0,9.754500165383677,0,0.0,315.0,-315.0
485,29160,0.0,3.9559902678416323,0,0.0,315.0,-315.0
486,29220,0.0,7.998016349409603,0,0.0,315.0,-315.0
487,29280,0.0,11.381717331767842,0,0.0,315.0,-315.0
488,29340,0.0,6.94476194970599,0,0.0,315.0,-315.0
489,29400,0.0,0.0,0,0.0,315.0,-315.0
490,29460,0.0,0.0,0,0.0,315.0,-315.0
491,29520,0.0,4.207869009469041,0,0.0,315.0,-315.0
492,29580,0.0,0.0,0,0.0,315.0,-315.0
493,29640,0.0,3.017681353363583,0,0.0,315.0,-315.0
494,29700,0.0,0.0,0,0.0,315.0,-315.0
495,29760,0.0,0.0,0,0.0,315.0,-315.0
496,29820,0.0,3.531374134584339,0,0.0,315.0,-315.0
497,29880,0.0,0.0,0,0.0,315.0,-315.0
498,29940,0.0,0.0,0,0.0,315.0,-315.0
499,30000,0.0,0.0,0,0.0,315.0,-315.0
500,30060,0.0,0.0,0,0.0,315.0,-315.0
501,30120,0.0,0.3814016509231356,0,0.0,315.0,-315.0
502,30180,0.0,0.0,0,0.0,315.0,-315.0
503,30240,0.0,0.0,0,0.0,315.0,-315.0
504,30300,0.0,0.0,0,0.0,315.0,-315.0
505,30360,0.0,1.2639264545322866,0,0.0,315.0,-315.0
506,30420,0.0,0.0,0,0.0,315.0,-315.0
507,30480,0.0,0.5988436155602114,0,0.0,315.0,-315.0
508,30540,0.0,0.0,0,0.0,315.0,-315.0
509,30600,0.0,3.7129491662458745,0,0.0,315.0,-315.0
510,30660,0.0,11.309704600183958,0,0.0,315.0,-315.0
511,30720,0.0,1.3145159218691334,0,0.0,315.0,-315.0
512,30780,0.0,1.134231173727015,0,0.0,315.0,-315.0
513,30840,0.0,0.0,0,0.0,315.0,-315.0
514,30900,0.0,4.6296640692531925,0,0.0,315.0,-315.0
515,30960,0.0,0.0,0,0.0,315.0,-315.0
516,31020,0.0,0.0,0,0.0,315.0,-315.0
517,31080,0.0,3.722069680020827,0,0.0,315.0,-315.0
518,31140,0.0,1.2088107826395336,0,0.0,315.0,-315.0
519,31200,0.0,7.392702750607802,0,0.0,315.0,-315.0
520,31260,0.0,9.634209491313896,0,0.0,315.0,-315.0
521,31320,0.0,0.0,0,0.0,315.0,-315.0
522,31380,0.0,0.8571838613537535,0,0.0,315.0,-315.0
523,31440,0.0,11.754438881997725,0,0.0,315.0,-315.0
524,31500,0.0,6.453663118716935,0,0.0,315.0,-315.0
525,31560,0.0,4.76108792962912,0,0.0,315.0,-315.0
526,31620,0.0,8.721646747414818,0,0.0,315.0,-315.0
527,31680,0.0,0.0,0,0.0,315.0,-315.0
528,31740,0.0,4.250520473278942,0,0.0,315.0,-315.0
529,31800,0.0,9.40970231856593,0,0.0,315.0,-315.0
530,31860,0.0,10.822966407120209,0,0.0,315.0,-315.0
531,31920,0.0,0.0,0,0.0,315.0,-315.0
532,31980,0.0,0.0,0,0.0,315.0,-315.0
533,32040,0.0,2.5554211078887215,0,0.0,315.0,-315.0
534,32100,0.0,0.0,0,0.0,315.0,-315.0
535,32160,0.0,0.0,0,0.0,315.0,-315.0
536,32220,0.0,4.567133868381582,0,0.0,315.0,-315.0
537,32280,0.0,0.0,0,0.0,315.0,-315.0
538,32340,0.0,0.0,0,0.0,315.0,-315.0
539,32400,0.0,2.4160846818037838,0,0.0,315.0,-315.0
540,32460,0.0,0.0,0,0.0,315.0,-315.0
541,32520,0.0,0.0,0,0.0,315.0,-315.0
542,32580,0.0,0.0,0,0.0,315.0,-315.0
543,32640,0.0,6.769377097175658,0,0.0,315.0,-315.0
544,32700,0.0,0.0,0,0.0,315.0,-315.0
545,32760,0.0,0.0,0,0.0,315.0,-315.0
546,32820,0.0,0.0,0,0.0,315.0,-315.0
547,32880,0.0,8.205838858355175,0,0.0,315.0,-315.0
548,32940,0.0,8.745015474401884,0,0.0,315.0,-315.0
549,33000,0.0,0.0,0,0.0,315.0,-315.0
550,33060,0.0,0.0,0,0.0,315.0,-315.0
551,33120,0.0,0.0,0,0.0,315.0,-315.0
552,33180,0.0,6.751913832080378,0,0.0,315.0,-315.0
553,33240,0.0,0.0,0,0.0,315.0,-315.0
554,33300,0.0,0.0,0,0.0,315.0,-315.0
555,33360,0.0,6.897318774029067,0,0.0,315.0,-315.0
556,33420,0.0,0.0,0,0.0,315.0,-315.0
557,33480,0.0,9.816383129086452,0,0.0,315.0,-315.0
558,33540,0.0,0.0,0,0.0,315.0,-315.0
559,33600,0.0,2.465115531036938,0,0.0,315.0,-315.0
560,33660,0.0,5.697436261593885,0,0.0,315.0,-315.0
561,33720,0.0,0.0,0,0.0,315.0,-315.0
562,33780,0.0,9.256535868561357,0,0.0,315.0,-315.0
563,33840,0.0,3.659906914428456,0,0.0,315.0,-315.0
564,33900,0.0,0.0,0,0.0,315.0,-315.0
565,33960,0.0,26.43192013842015,0,0.0,315.0,-315.0
566,34020,0.0,4.331047665230392,0,0.0,315.0,-315.0
567,34080,0.0,0.7167401181345935,0,0.0,315.0,-315.0
568,34140,0.0,0.0,0,0.0,315.0,-315.0
569,34200,0.0,0.5459705401500013,0,0.0,315.0,-315.0
570,34260,0.0,0.0,0,0.0,315.0,-315.0
571,34320,0.0,4.302403124223297,0,0.0,315.0,-315.0
572,34380,0.0,2.4816735069458926,0,0.0,315.0,-315.0
573,34440,0.0,12.372698749265332,0,0.0,315.0,-315.0
574,34500,0.0,0.9498242686392677,0,0.0,315.0,-315.0
575,34560,0.0,3.4287188820068635,0,0.0,315.0,-315.0
576,34620,0.0,2.4869254356128607,0,0.0,315.0,-315.0
577,34680,0.0,0.0,0,0.0,315.0,-315.0
578,34740,0.0,0.0,0,0.0,315.0,-315.0
579,34800,0.0,7.351470103234341,0,0.0,315.0,-315.0
580,34860,0.0,5.208306184917308,0,0.0,315.0,-315.0
581,34920,0.0,0.0,0,0.0,315.0,-315.0
582,34980,0.0,0.0,0,0.0,315.0,-315.0
583,35040,0.0,0.0,0,0.0,315.0,-315.0
584,35100,0.0,7.755031544305066,0,0.0,315.0,-315.0
585,35160,0.0,0.0,0,0.0,315.0,-315.0
586,35220,0.0,11.661092627032607,0,0.0,315.0,-315.0
587,35280,0.0,0.0,0,0.0,315.0,-315.0
588,35340,0.0,0.9457456733727199,0,0.0,315.0,-315.0
589,35400,0.0,0.0,0,0.0,315.0,-315.0
590,35460,0.0,0.0,0,0.0,315.0,-315.0
591,35520,0.0,0.0,0,0.0,315.0,-315.0
592,35580,0.0,3.4115740984315543,0,0.0,315.0,-315.0
593,35640,0.0,11.422231651960393,0,0.0,315.0,-315.0
594,35700,0.0,0.23332125814747262,0,0.0,315.0,-315.0
595,35760,0.0,9.707928852200542,0,0.0,315.0,-315.0
596,35820,0.0,4.41809968765307,0,0.0,315.0,-315.0
597,35880,300.0,306.58595570329095,0,-49.25,315.0,-315.0
598,35940,300.0,296.8874451747352,0,-44.25,315.0,-315.0
599,36000,300.0,309.2477026174873,0,-39.25,315.0,-315.0
600,36060,300.0,292.83572809735244,0,-34.25,315.0,-315.0
601,36120,300.0,303.3062153102021,0,-29.25,315.0,-315.0
602,36180,300.0,293.6430020150759,0,-24.25,315.0,-315.0
603,36240,300.0,296.5402989678375,0,-19.25,315.0,-315.0
604,36300,300.0,290.24208634763676,0,-14.25,315.0,-315.0
605,36360,300.0,296.5523019849781,0,-9.25,315.0,-315.0
606,36420,300.0,302.3444367777451,0,-4.25,315.0,-315.0
607,36480,255.0,254.540813887152,0,0.0,315.0,-315.0
608,36540,150.0,141.00086117350418,0,-60.25,315.0,-315.0
609,36600,150.0,159.820252584783,0,-57.75,315.0,-315.0
610,36660,150.0,152.25165230683044,0,-55.25,315.0,-315.0
611,36720,150.0,156.73093690209961,0,-52.75,315.0,-315.0
612,36780,150.0,155.24302557797745,0,-50.25,315.0,-315.0
613,36840,150.0,145.56062251431268,0,-47.75,315.0,-315.0
614,36900,150.0,137.01275937010087,0,-45.25,315.0,-315.0
615,36960,150.0,143.88763520795288,0,-42.75,315.0,-315.0
616,37020,150.0,158.18046770191813,0,-40.25,315.0,-315.0
617,37080,150.0,142.96538507039685,0,-37.75,315.0,-315.0
618,37140,150.0,155.44879168387212,0,-35.25,315.0,-315.0
619,37200,150.0,145.91090760650442,0,-32.75,315.0,-315.0
620,37260,150.0,152.62482318699378,0,-30.25,315.0,-315.0
621,37320,150.0,137.82153515070053,0,-27.75,315.0,-315.0
622,37380,150.0,157.7926581396456,0,-25.25,315.0,-315.0
623,37440,150.0,149.73512878377085,0,-22.75,315.0,-315.0
624,37500,150.0,155.91473267851194,0,-20.25,315.0,-315.0
625,37560,150.0,151.26772205473503,0,-17.75,315.0,-315.0
626,37620,150.0,155.3287384665273,0,-15.25,315.0,-315.0
627,37680,150.0,149.31939127950034,0,-12.75,315.0,-315.0
628,37740,150.0,154.96345358742067,0,-10.25,315.0,-315.0
629,37800,150.0,139.92045738971237,0,-7.75,315.0,-315.0
630,37860,150.0,142.78400464731698,0,-5.25,315.0,-315.0
631,37920,450.0,454.8440503840903,0,-48.583333333333336,315.0,-315.0
632,37980,450.0,449.7384035184345,0,-41.083333333333336,315.0,-315.0
633,38040,315.0,313.472589335915,0,-35.833333333333336,315.0,-315.0
634,38100,300.0,298.80071374092165,0,-30.833333333333336,315.0,-315.0
635,38160,300.0,303.35006036552346,0,-25.833333333333336,315.0,-315.0
636,38220,300.0,296.0381943076105,0,-20.833333333333336,315.0,-315.0
637,38280,300.0,303.40736634910115,0,-15.833333333333336,315.0,-315.0
638,38340,300.0,293.885181507781,0,-10.833333333333336,315.0,-315.0
639,38400,300.0,297.2807441710854,0,-5.833333333333336,315.0,-315.0
640,38460,300.0,306.57660439137516,0,-0.8333333333333357,315.0,-315.0
641,38520,50.00000000000014,57.152841731762805,0,0.0,315.0,-315.0
642,38580,0.0,0.0,0,0.0,315.0,-315.0
643,38640,0.0,5.599634093472812,0,0.0,315.0,-315.0
644,38700,0.0,0.0,0,0.0,315.0,-315.0
645,38760,0.0,4.894457203457596,0,0.0,315.0,-315.0
646,38820,0.0,0.0,0,0.0,315.0,-315.0
647,38880,0.0,0.0,0,0.0,315.0,-315.0
648,38940,0.0,0.0,0,0.0,315.0,-315.0
649,39000,0.0,0.0,0,0.0,315.0,-315.0
650,39060,0.0,9.505592179298965,0,0.0,315.0,-315.0
651,39120,0.0,6.036077818086049,0,0.0,315.0,-315.0
652,39180,0.0,10.51953051453017,0,0.0,315.0,-315.0
653,39240,0.0,8.056621485841658,0,0.0,315.0,-315.0
654,39300,0.0,0.0,0,0.0,315.0,-315.0
655,39360,0.0,0.0,0,0.0,315.0,-315.0
656,39420,0.0,7.137612602406347,0,0.0,315.0,-315.0
657,39480,0.0,0.26956340922541633,0,0.0,315.0,-315.0
658,39540,0.0,0.0,0,0.0,315.0,-315.0
659,39600,0.0,0.0,0,0.0,315.0,-315.0
660,39660,0.0,0.0,0,0.0,315.0,-315.0
661,39720,0.0,0.0,0,0.0,315.0,-315.0
662,39780,0.0,0.0,0,0.0,315.0,-315.0
663,39840,0.0,0.0,0,0.0,315.0,-315.0
664,39900,0.0,4.6243766330492395,0,0.0,315.0,-315.0
665,39960,0.0,0.0,0,0.0,315.0,-315.0
666,40020,0.0,0.0,0,0.0,315.0,-315.0
667,40080,0.0,8.994735446393635,0,0.0,315.0,-315.0
668,40140,0.0,0.0,0,0.0,315.0,-315.0
669,40200,0.0,2.114357831202244,0,0.0,315.0,-315.0
670,40260,0.0,0.0,0,0.0,315.0,-315.0
671,40320,0.0,0.5991287946043893,0,0.0,315.0,-315.0
672,40380,0.0,2.7393785708268465,0,0.0,315.0,-315.0
673,40440,0.0,5.7414301346022985,0,0.0,315.0,-315.0
674,40500,0.0,0.0,0,0.0,315.0,-315.0
675,40560,0.0,2.1343760394425457,0,0.0,315.0,-315.0
676,40620,0.0,2.124342104104582,0,0.0,315.0,-315.0
677,40680,0.0,0.0,0,0.0,315.0,-315.0
678,40740,0.0,1.0016711944221062,0,0.0,315.0,-315.0
679,40800,0.0,3.0950572940624745,0,0.0,315.0,-315.0
680,40860,0.0,2.656680753638194,0,0.0,315.0,-315.0
681,40920,0.0,0.0,0,0.0,315.0,-315.0
682,40980,0.0,0.0,0,0.0,315.0,-315.0
683,41040,0.0,16.732639196763223,0,0.0,315.0,-315.0
684,41100,0.0,12.818613079170879,0,0.0,315.0,-315.0
685,41160,0.0,0.0,0,0.0,315.0,-315.0
686,41220,0.0,3.0061413817318643,0,0.0,315.0,-315.0
687,41280,0.0,4.189449687966081,0,0.0,315.0,-315.0
688,41340,0.0,5.0167413306028195,0,0.0,315.0,-315.0
689,41400,0.0,0.9374320287786609,0,0.0,315.0,-315.0
690,41460,0.0,0.0,0,0.0,315.0,-315.0
691,41520,0.0,0.0,0,0.0,315.0,-315.0
692,41580,0.0,0.0,0,0.0,315.0,-315.0
693,41640,300.0,300.8972204935571,0,-52.333333333333336,315.0,-315.0
694,41700,300.0,298.20806243811154,0,-47.333333333333336,315.0,-315.0
695,41760,300.0,299.1207908703127,0,-42.333333333333336,315.0,-315.0
696,41820,300.0,306.80095975339805,0,-37.333333333333336,315.0,-315.0
697,41880,300.0,308.21653964761435,0,-32.333333333333336,315.0,-315.0
698,41940,300.0,292.11367569013817,0,-27.333333333333336,315.0,-315.0
699,42000,300.0,296.9290083651816,0,-22.333333333333336,315.0,-315.0
700,42060,300.0,294.71976280864703,0,-17.333333333333336,315.0,-315.0
701,42120,300.0,308.1708951861086,0,-12.333333333333336,315.0,-315.0
702,42180,300.0,299.60359556735847,0,-7.333333333333336,315.0,-315.0
703,42240,300.0,309.67502300068156,0,-2.3333333333333357,315.0,-315.0
704,42300,140.00000000000014,136.81115283505267,0,0.0,315.0,-315.0
705,42360,0.0,0.1736041278438218,0,0.0,315.0,-315.0
706,42420,0.0,0.0,0,0.0,315.0,-315.0
707,42480,0.0,8.697138321746264,0,0.0,315.0,-315.0
708,42540,0.0,0.0,0,0.0,315.0,-315.0
709,42600,0.0,0.0,0,0.0,315.0,-315.0
710,42660,0.0,0.0,0,0.0,315.0,-315.0
711,42720,0.0,0.0,0,0.0,315.0,-315.0
712,42780,0.0,0.0,0,0.0,315.0,-315.0
713,42840,0.0,0.75109003007812,0,0.0,315.0,-315.0
714,42900,0.0,1.9235219276073072,0,0.0,315.0,-315.0
715,42960,0.0,10.002993184092487,0,0.0,315.0,-315.0
716,43020,0.0,0.0,0,0.0,315.0,-315.0
717,43080,0.0,5.391450445837274,0,0.0,315.0,-315.0
718,43140,0.0,2.0848437464305514,0,0.0,315.0,-315.0
719,43200,0.0,0.0,0,0.0,315.0,-315.0
720,43260,0.0,0.0,0,0.0,315.0,-315.0
721,43320,0.0,6.3265442527976905,0,0.0,315.0,-315.0
722,43380,0.0,0.0,0,0.0,315.0,-315.0
723,43440,0.0,0.11989298487687228,0,0.0,315.0,-315.0
724,43500,0.0,0.0,0,0.0,315.0,-315.0
725,43560,0.0,1.8895847622172086,0,0.0,315.0,-315.0
726,43620,0.0,0.7213307697626392,0,0.0,315.0,-315.0
727,43680,0.0,0.19642389333604976,0,0.0,315.0,-315.0
728,43740,0.0,0.0,0,0.0,315.0,-315.0
729,43800,0.0,7.005717962212458,0,0.0,315.0,-315.0
730,43860,0.0,6.451537217840801,0,0.0,315.0,-315.0
731,43920,0.0,4.847007317352566,0,0.0,315.0,-315.0
732,43980,0.0,22.17511961151254,0,0.0,315.0,-315.0
733,44040,0.0,0.0,0,0.0,315.0,-315.0
734,44100,0.0,0.0,0,0.0,315.0,-315.0
735,44160,0.0,0.0,0,0.0,315.0,-315.0
736,44220,0.0,2.911116164854153,0,0.0,315.0,-315.0
737,44280,0.0,0.0,0,0.0,315.0,-315.0
738,44340,0.0,0.0,0,0.0,315.0,-315.0
739,44400,0.0,0.0,0,0.0,315.0,-315.0
740,44460,0.0,0.48243195165543773,0,0.0,315.0,-315.0
741,44520,0.0,6.7424341843894275,0,0.0,315.0,-315.0
742,44580,0.0,0.0,0,0.0,315.0,-315.0
743,44640,0.0,0.0,0,0.0,315.0,-315.0
744,44700,0.0,0.0,0,0.0,315.0,-315.0
745,44760,300.0,295.13549447165383,0,-45.75,315.0,-315.0
746,44820,300.0,303.5466249125567,0,-40.75,315.0,-315.0
747,44880,300.0,300.02671395527307,0,-35.75,315.0,-315.0
748,44940,300.0,302.14511928316807,0,-30.75,315.0,-315.0
749,45000,300.0,295.15767950622103,0,-25.75,315.0,-315.0
750,45060,300.0,310.2595811068909,0,-20.75,315.0,-315.0
751,45120,300.0,299.9974960352697,0,-15.75,315.0,-315.0
752,45180,300.0,308.63713861297066,0,-10.75,315.0,-315.0
753,45240,300.0,297.0687760165616,0,-5.75,315.0,-315.0
754,45300,300.0,303.9397426721572,0,-0.75,315.0,-315.0
755,45360,45.0,40.46369786561222,0,0.0,315.0,-315.0
756,45420,0.0,0.0,0,0.0,315.0,-315.0
757,45480,0.0,0.0,0,0.0,315.0,-315.0
758,45540,0.0,0.0,0,0.0,315.0,-315.0
759,45600,0.0,0.0,0,0.0,315.0,-315.0
760,45660,0.0,10.277413470717658,0,0.0,315.0,-315.0
761,45720,0.0,0.0,0,0.0,315.0,-315.0
762,45780,0.0,0.0,0,0.0,315.0,-315.0
763,45840,0.0,11.35229793749773,0,0.0,315.0,-315.0
764,45900,0.0,4.064899222501018,0,0.0,315.0,-315.0
765,45960,0.0,0.0,0,0.0,315.0,-315.0
766,46020,0.0,3.320307210750743,0,0.0,315.0,-315.0
767,46080,0.0,1.5846902112154315,0,0.0,315.0,-315.0
768,46140,0.0,0.0,0,0.0,315.0,-315.0
769,46200,0.0,0.0,0,0.0,315.0,-315.0
770,46260,0.0,0.0,0,0.0,315.0,-315.0
771,46320,0.0,4.8836355570538235,0,0.0,315.0,-315.0
772,46380,0.0,6.373247106844455,0,0.0,315.0,-315.0
773,46440,0.0,0.6393091695999618,0,0.0,315.0,-315.0
774,46500,0.0,6.900437134295585,0,0.0,315.0,-315.0
775,46560,0.0,0.0,0,0.0,315.0,-315.0
776,46620,0.0,0.0,0,0.0,315.0,-315.0
777,46680,0.0,0.0,0,0.0,315.0,-315.0
778,46740,0.0,3.623287852260506,0,0.0,315.0,-315.0
779,46800,0.0,0.0,0,0.0,315.0,-315.0
780,46860,0.0,4.525777636331242,0,0.0,315.0,-315.0
781,46920,0.0,0.0,0,0.0,315.0,-315.0
782,46980,0.0,0.0,0,0.0,315.0,-315.0
783,47040,0.0,3.3744770798397936,0,0.0,315.0,-315.0
784,47100,0.0,8.132292889725663,0,0.0,315.0,-315.0
785,47160,0.0,0.0,0,0.0,315.0,-315.0
786,47220,0.0,0.0,0,0.0,315.0,-315.0
787,47280,0.0,0.32758900844957184,0,0.0,315.0,-315.0
788,47340,0.0,0.0,0,0.0,315.0,-315.0
789,47400,0.0,5.75312924958033,0,0.0,315.0,-315.0
790,47460,0.0,0.0,0,0.0,315.0,-315.0
791,47520,0.0,2.4157797042295943,0,0.0,315.0,-315.0
792,47580,0.0,2.8439045118573443,0,0.0,315.0,-315.0
793,47640,0.0,0.3277139017477618,0,0.0,315.0,-315.0
794,47700,0.0,7.359726516533378,0,0.0,315.0,-315.0
795,47760,0.0,0.0,0,0.0,315.0,-315.0
796,47820,0.0,7.402326477826892,0,0.0,315.0,-315.0
797,47880,0.0,0.0,0,0.0,315.0,-315.0
798,47940,0.0,4.844561271754874,0,0.0,315.0,-315.0
799,48000,0.0,0.0,0,0.0,315.0,-315.0
800,48060,0.0,5.437436935254804,0,0.0,315.0,-315.0
801,48120,0.0,5.211262760157479,0,0.0,315.0,-315.0
802,48180,0.0,0.0,0,0.0,315.0,-315.0
803,48240,0.0,0.0,0,0.0,315.0,-315.0
804,48300,0.0,0.0,0,0.0,315.0,-315.0
805,48360,0.0,0.0,0,0.0,315.0,-315.0
806,48420,0.0,0.0,0,0.0,315.0,-315.0
807,48480,0.0,12.36220510855854,0,0.0,315.0,-315.0
808,48540,0.0,1.3961559342178018,0,0.0,315.0,-315.0
809,48600,0.0,10.382971378828227,0,0.0,315.0,-315.0
810,48660,0.0,0.0,0,0.0,315.0,-315.0
811,48720,0.0,0.0,0,0.0,315.0,-315.0
812,48780,0.0,0.8830294404956452,0,0.0,315.0,-315.0
813,48840,0.0,0.0,0,0.0,315.0,-315.0
814,48900,0.0,15.959203769331051,0,0.0,315.0,-315.0
815,48960,0.0,1.6387088159398508,0,0.0,315.0,-315.0
816,49020,0.0,7.696000474393719,0,0.0,315.0,-315.0
817,49080,0.0,0.0,0,0.0,315.0,-315.0
818,49140,0.0,0.0,0,0.0,315.0,-315.0
819,49200,0.0,0.0,0,0.0,315.0,-315.0
820,49260,0.0,2.3751537986481956,0,0.0,315.0,-315.0
821,49320,0.0,5.672762163601883,0,0.0,315.0,-315.0
822,49380,0.0,0.0,0,0.0,315.0,-315.0
823,49440,0.0,0.0,0,0.0,315.0,-315.0
824,49500,0.0,0.0,0,0.0,315.0,-315.0
825,49560,0.0,0.0,0,0.0,315.0,-315.0
826,49620,0.0,3.8257198681070914,0,0.0,315.0,-315.0
827,49680,0.0,3.0577507907765047,0,0.0,315.0,-315.0
828,49740,0.0,0.0,0,0.0,315.0,-315.0
829,49800,0.0,0.0,0,0.0,315.0,-315.0
830,49860,0.0,0.9799638940728765,0,0.0,315.0,-315.0
831,49920,0.0,3.817988826588109,0,0.0,315.0,-315.0
832,49980,0.0,0.0,0,0.0,315.0,-315.0
833,50040,0.0,0.7502937637063787,0,0.0,315.0,-315.0
834,50100,0.0,0.0,0,0.0,315.0,-315.0
835,50160,0.0,6.112864904459469,0,0.0,315.0,-315.0
836,50220,0.0,0.0,0,0.0,315.0,-315.0
837,50280,0.0,1.2388368024954375,0,0.0,315.0,-315.0
838,50340,0.0,2.6336288253933766,0,0.0,315.0,-315.0
839,50400,0.0,4.8443745816722,0,0.0,315.0,-315.0
840,50460,0.0,9.988147238874467,0,0.0,315.0,-315.0
841,50520,0.0,4.510061371873957,0,0.0,315.0,-315.0
842,50580,0.0,4.000996707597757,0,0.0,315.0,-315.0
843,50640,0.0,0.0,0,0.0,315.0,-315.0
844,50700,0.0,4.049009669778744,0,0.0,315.0,-315.0
845,50760,0.0,15.315343640843238,0,0.0,315.0,-315.0
846,50820,0.0,0.0,0,0.0,315.0,-315.0
847,50880,0.0,0.0,0,0.0,315.0,-315.0
848,50940,0.0,0.0,0,0.0,315.0,-315.0
849,51000,0.0,6.818958841972872,0,0.0,315.0,-315.0
850,51060,0.0,3.5038027662735836,0,0.0,315.0,-315.0
851,51120,0.0,0.0,0,0.0,315.0,-315.0
852,51180,0.0,0.0,0,0.0,315.0,-315.0
853,51240,0.0,6.92439570121953,0,0.0,315.0,-315.0
854,51300,0.0,4.491138109852791,0,0.0,315.0,-315.0
855,51360,0.0,16.217813931919057,0,0.0,315.0,-315.0
856,51420,0.0,6.71505377166135,0,0.0,315.0,-315.0
857,51480,0.0,2.360797765184221,0,0.0,315.0,-315.0
858,51540,0.0,4.104578570889525,0,0.0,315.0,-315.0
859,51600,0.0,0.0,0,0.0,315.0,-315.0
860,51660,0.0,0.0,0,0.0,315.0,-315.0
861,51720,0.0,1.1481721012440178,0,0.0,315.0,-315.0
862,51780,0.0,3.2755169696039426,0,0.0,315.0,-315.0
863,51840,0.0,0.0,0,0.0,315.0,-315.0
864,51900,0.0,0.0,0,0.0,315.0,-315.0
865,51960,0.0,0.0,0,0.0,315.0,-315.0
866,52020,0.0,1.7737164584547578,0,0.0,315.0,-315.0
867,52080,0.0,0.0,0,0.0,315.0,-315.0
868,52140,0.0,2.9719478263632357,0,0.0,315.0,-315.0
869,52200,0.0,0.655103644044754,0,0.0,315.0,-315.0
870,52260,0.0,7.0798951392657665,0,0.0,315.0,-315.0
871,52320,0.0,0.0,0,0.0,315.0,-315.0
872,52380,0.0,11.064759301932451,0,0.0,315.0,-315.0
873,52440,0.0,9.465927524297811,0,0.0,315.0,-315.0
874,52500,0.0,0.3359713772949351,0,0.0,315.0,-315.0
875,52560,0.0,4.342262295164103,0,0.0,315.0,-315.0
876,52620,0.0,4.049974215259604,0,0.0,315.0,-315.0
877,52680,0.0,0.0,0,0.0,315.0,-315.0
878,52740,0.0,1.0994823667639733,0,0.0,315.0,-315.0
879,52800,0.0,5.195933841696063,0,0.0,315.0,-315.0
880,52860,0.0,2.068672315285417,0,0.0,315.0,-315.0
881,52920,0.0,7.019756376990099,0,0.0,315.0,-315.0
882,52980,0.0,0.6342969432742954,0,0.0,315.0,-315.0
883,53040,0.0,0.5391810802849568,0,0.0,315.0,-315.0
884,53100,0.0,0.0,0,0.0,315.0,-315.0
885,53160,0.0,0.0,0,0.0,315.0,-315.0
886,53220,0.0,0.0,0,0.0,315.0,-315.0
887,53280,0.0,11.387655571679568,0,0.0,315.0,-315.0
888,53340,0.0,1.6058756138172827,0,0.0,315.0,-315.0
889,53400,0.0,0.0,0,0.0,315.0,-315.0
890,53460,0.0,2.6614746542862635,0,0.0,315.0,-315.0
891,53520,0.0,0.0,0,0.0,315.0,-315.0
892,53580,0.0,0.0,0,0.0,315.0,-315.0
893,53640,0.0,3.204014269891635,0,0.0,315.0,-315.0
894,53700,0.0,0.0,0,0.0,315.0,-315.0
895,53760,0.0,3.8624551394192825,0,0.0,315.0,-315.0
896,53820,0.0,0.0,0,0.0,315.0,-315.0
897,53880,0.0,0.0,0,0.0,315.0,-315.0
898,53940,0.0,3.3007603987469247,0,0.0,315.0,-315.0
899,54000,0.0,0.0,0,0.0,315.0,-315.0
900,54060,0.0,0.0,0,0.0,315.0,-315.0
901,54120,0.0,1.364644897338182,0,0.0,315.0,-315.0
902,54180,0.0,4.0879275763029375,0,0.0,315.0,-315.0
903,54240,0.0,4.973656123525602,0,0.0,315.0,-315.0
904,54300,0.0,0.0,0,0.0,315.0,-315.0
905,54360,0.0,0.0,0,0.0,315.0,-315.0
906,54420,0.0,12.84547591716003,0,0.0,315.0,-315.0
907,54480,0.0,0.0,0,0.0,315.0,-315.0
908,54540,0.0,12.042713928467133,0,0.0,315.0,-315.0
909,54600,0.0,0.0,0,0.0,315.0,-315.0
910,54660,0.0,7.754001348251027,0,0.0,315.0,-315.0
911,54720,0.0,7.14424906736495,0,0.0,315.0,-315.0
912,54780,0.0,0.0,0,0.0,315.0,-315.0
913,54840,0.0,2.3722642603228454,0,0.0,315.0,-315.0
914,54900,0.0,5.043815528243107,0,0.0,315.0,-315.0
915,54960,0.0,4.680516040587494,0,0.0,315.0,-315.0
916,55020,0.0,0.0,0,0.0,315.0,-315.0
917,55080,0.0,2.0162123865139465,0,0.0,315.0,-315.0
918,55140,0.0,0.0,0,0.0,315.0,-315.0
919,55200,0.0,0.0,0,0.0,315.0,-315.0
920,55260,0.0,6.570331707069731,0,0.0,315.0,-315.0
921,55320,0.0,0.0,0,0.0,315.0,-315.0
922,55380,0.0,9.212760425204012,0,0.0,315.0,-315.0
923,55440,0.0,4.022614871818645,0,0.0,315.0,-315.0
924,55500,0.0,0.0,0,0.0,315.0,-315.0
925,55560,0.0,0.0,0,0.0,315.0,-315.0
926,55620,0.0,0.0,0,0.0,315.0,-315.0
927,55680,0.0,0.0,0,0.0,315.0,-315.0
928,55740,0.0,3.3480871575169227,0,0.0,315.0,-315.0
929,55800,0.0,0.0,0,0.0,315.0,-315.0
930,55860,0.0,10.894940210805636,0,0.0,315.0,-315.0
931,55920,0.0,5.748242557216806,0,0.0,315.0,-315.0
932,55980,0.0,0.0,0,0.0,315.0,-315.0
933,56040,0.0,0.0,0,0.0,315.0,-315.0
934,56100,0.0,0.0,0,0.0,315.0,-315.0
935,56160,0.0,0.0,0,0.0,315.0,-315.0
936,56220,0.0,6.218071771774629,0,0.0,315.0,-315.0
937,56280,0.0,6.3419526099006465,0,0.0,315.0,-315.0
938,56340,0.0,6.179648735669054,0,0.0,315.0,-315.0
939,56400,0.0,0.0,0,0.0,315.0,-315.0
940,56460,0.0,7.137708414663816,0,0.0,315.0,-315.0
941,56520,0.0,0.0,0,0.0,315.0,-315.0
942,56580,0.0,6.24405965331124,0,0.0,315.0,-315.0
943,56640,0.0,12.102399265524411,0,0.0,315.0,-315.0
944,56700,0.0,0.9355253532952766,0,0.0,315.0,-315.0
945,56760,0.0,0.0,0,0.0,315.0,-315.0
946,56820,0.0,0.0,0,0.0,315.0,-315.0
947,56880,0.0,4.279916045331537,0,0.0,315.0,-315.0
948,56940,0.0,8.145202884985713,0,0.0,315.0,-315.0
949,57000,0.0,0.0,0,0.0,315.0,-315.0
950,57060,0.0,0.0,0,0.0,315.0,-315.0
951,57120,0.0,1.5580247909660219,0,0.0,315.0,-315.0
952,57180,0.0,2.9045200609633453,0,0.0,315.0,-315.0
953,57240,0.0,6.078974265885175,0,0.0,315.0,-315.0
954,57300,0.0,0.0,0,0.0,315.0,-315.0
955,57360,0.0,0.0,0,0.0,315.0,-315.0
956,57420,0.0,6.7302761681455285,0,0.0,315.0,-315.0
957,57480,0.0,2.619652896152928,0,0.0,315.0,-315.0
958,57540,0.0,2.9938749703235588,0,0.0,315.0,-315.0
959,57600,0.0,7.513878777539444,0,0.0,315.0,-315.0
960,57660,0.0,0.6947731542033992,0,0.0,315.0,-315.0
961,57720,0.0,3.5255228494588238,0,0.0,315.0,-315.0
962,57780,0.0,0.0,0,0.0,315.0,-315.0
963,57840,0.0,0.0,0,0.0,315.0,-315.0
964,57900,0.0,0.0,0,0.0,315.0,-315.0
965,57960,0.0,0.4962445303184055,0,0.0,315.0,-315.0
966,58020,0.0,0.0,0,0.0,315.0,-315.0
967,58080,0.0,0.0,0,0.0,315.0,-315.0
968,58140,0.0,2.123407958382159,0,0.0,315.0,-315.0
969,58200,0.0,0.0,0,0.0,315.0,-315.0
970,58260,0.0,0.7434082057446227,0,0.0,315.0,-315.0
971,58320,0.0,0.0,0,0.0,315.0,-315.0
972,58380,0.0,0.0,0,0.0,315.0,-315.0
973,58440,0.0,0.0,0,0.0,315.0,-315.0
974,58500,0.0,9.725354736760938,0,0.0,315.0,-315.0
975,58560,0.0,2.1142132092316333,0,0.0,315.0,-315.0
976,58620,0.0,0.0,0,0.0,315.0,-315.0
977,58680,0.0,0.0,0,0.0,315.0,-315.0
978,58740,300.0,302.62935349719595,0,-48.833333333333336,315.0,-315.0
979,58800,300.0,298.4766855964688,0,-43.833333333333336,315.0,-315.0
980,58860,300.0,303.8749125226945,0,-38.833333333333336,315.0,-315.0
981,58920,300.0,293.5014112276587,0,-33.833333333333336,315.0,-315.0
982,58980,300.0,301.1696095252998,0,-28.833333333333336,315.0,-315.0
983,59040,300.0,299.642884926633,0,-23.833333333333336,315.0,-315.0
984,59100,300.0,298.7776798578893,0,-18.833333333333336,315.0,-315.0
985,59160,300.0,298.5241716036841,0,-13.833333333333336,315.0,-315.0
986,59220,300.0,301.3338111966508,0,-8.833333333333336,315.0,-315.0
987,59280,300.0,306.22785860597986,0,-3.8333333333333357,315.0,-315.0
988,59340,230.00000000000014,226.46034591741437,0,0.0,315.0,-315.0
989,59400,0.0,0.0,0,0.0,315.0,-315.0
990,59460,300.0,301.07210583028075,0,-48.166666666666664,315.0,-315.0
991,59520,300.0,299.19774860022886,0,-43.166666666666664,315.0,-315.0
992,59580,300.0,302.5746986395074,0,-38.166666666666664,315.0,-315.0
993,59640,300.0,304.79608710019306,0,-33.166666666666664,315.0,-315.0
994,59700,300.0,308.6213759034105,0,-28.166666666666664,315.0,-315.0
995,59760,300.0,299.22249271831106,0,-23.166666666666664,315.0,-315.0
996,59820,300.0,284.7942915014657,0,-18.166666666666664,315.0,-315.0
997,59880,300.0,299.53511114801313,0,-13.166666666666664,315.0,-315.0
998,59940,300.0,302.36282232949895,0,-8.166666666666664,315.0,-315.0
999,60000,300.0,298.75168577502615,0,-3.1666666666666643,315.0,-315.0
1000,60060,189.99999999999986,188.97682937820085,0,0.0,315.0,-315.0
1001,60120,0.0,0.0,0,0.0,315.0,-315.0
1002,60180,0.0,3.3918537476089385,0,0.0,315.0,-315.0
1003,60240,0.0,0.0,0,0.0,315.0,-315.0
1004,60300,0.0,0.0,0,0.0,315.0,-315.0
1005,60360,0.0,0.0,0,0.0,315.0,-315.0
1006,60420,0.0,0.0,0,0.0,315.0,-315.0
1007,60480,0.0,4.06466835188574,0,0.0,315.0,-315.0
1008,60540,0.0,3.750104373661488,0,0.0,315.0,-315.0
1009,60600,0.0,10.11411453303253,0,0.0,315.0,-315.0
1010,60660,0.0,4.326247965547714,0,0.0,315.0,-315.0
1011,60720,0.0,0.0,0,0.0,315.0,-315.0
1012,60780,0.0,0.0,0,0.0,315.0,-315.0
1013,60840,0.0,7.5499474193038845,0,0.0,315.0,-315.0
1014,60900,0.0,10.46089432190238,0,0.0,315.0,-315.0
1015,60960,0.0,0.0,0,0.0,315.0,-315.0
1016,61020,0.0,3.731174119027671,0,0.0,315.0,-315.0
1017,61080,0.0,0.0,0,0.0,315.0,-315.0
1018,61140,0.0,0.0,0,0.0,315.0,-315.0
1019,61200,0.0,0.0,0,0.0,315.0,-315.0
1020,61260,0.0,0.0,0,0.0,315.0,-315.0
1021,61320,0.0,0.0,0,0.0,315.0,-315.0
1022,61380,0.0,0.0,0,0.0,315.0,-315.0
1023,61440,0.0,0.0,0,0.0,315.0,-315.0
1024,61500,0.0,4.535750353257645,0,0.0,315.0,-315.0
1025,61560,0.0,9.531849956258624,0,0.0,315.0,-315.0
1026,61620,0.0,0.2416934753066567,0,0.0,315.0,-315.0
1027,61680,0.0,13.554462390097246,0,0.0,315.0,-315.0
1028,61740,0.0,0.0,0,0.0,315.0,-315.0
1029,61800,0.0,0.0,0,0.0,315.0,-315.0
1030,61860,0.0,2.588936654356573,0,0.0,315.0,-315.0
1031,61920,0.0,0.0,0,0.0,315.0,-315.0
1032,61980,0.0,7.859275999508617,0,0.0,315.0,-315.0
1033,62040,0.0,0.0,0,0.0,315.0,-315.0
1034,62100,0.0,8.831737963069148,0,0.0,315.0,-315.0
1035,62160,0.0,1.2965227650449072,0,0.0,315.0,-315.0
1036,62220,0.0,17.129742004577665,0,0.0,315.0,-315.0
1037,62280,0.0,0.0,0,0.0,315.0,-315.0
1038,62340,0.0,0.0,0,0.0,315.0,-315.0
1039,62400,0.0,0.9725293216733186,0,0.0,315.0,-315.0
1040,62460,0.0,0.0,0,0.0,315.0,-315.0
1041,62520,0.0,4.021374445335444,0,0.0,315.0,-315.0
1042,62580,0.0,3.2106495687809704,0,0.0,315.0,-315.0
1043,62640,0.0,0.7299278256602502,0,0.0,315.0,-315.0
1044,62700,0.0,0.0,0,0.0,315.0,-315.0
1045,62760,0.0,0.0,0,0.0,315.0,-315.0
1046,62820,0.0,3.9169007335743884,0,0.0,315.0,-315.0
1047,62880,0.0,7.846766028377756,0,0.0,315.0,-315.0
1048,62940,0.0,10.646373218729623,0,0.0,315.0,-315.0
1049,63000,0.0,0.0,0,0.0,315.0,-315.0
1050,63060,0.0,0.0,0,0.0,315.0,-315.0
1051,63120,0.0,0.0,0,0.0,315.0,-315.0
1052,63180,0.0,0.0,0,0.0,315.0,-315.0
1053,63240,0.0,0.0,0,0.0,315.0,-315.0
1054,63300,0.0,5.687470392159558,0,0.0,315.0,-315.0
1055,63360,0.0,10.914377118518699,0,0.0,315.0,-315.0
1056,63420,0.0,1.8639442268731197,0,0.0,315.0,-315.0
1057,63480,0.0,10.954113424207577,0,0.0,315.0,-315.0
1058,63540,0.0,2.743432846431297,0,0.0,315.0,-315.0
1059,63600,0.0,1.277752808375497,0,0.0,315.0,-315.0
1060,63660,0.0,0.0,0,0.0,315.0,-315.0
1061,63720,0.0,1.2481942327067608,0,0.0,315.0,-315.0
1062,63780,0.0,0.0,0,0.0,315.0,-315.0
1063,63840,0.0,0.0,0,0.0,315.0,-315.0
1064,63900,0.0,0.0,0,0.0,315.0,-315.0
1065,63960,0.0,1.7295775942570246,0,0.0,315.0,-315.0
1066,64020,0.0,0.096473271108345,0,0.0,315.0,-315.0
1067,64080,0.0,0.0,0,0.0,315.0,-315.0
1068,64140,0.0,0.0,0,0.0,315.0,-315.0
1069,64200,0.0,0.0,0,0.0,315.0,-315.0
1070,64260,0.0,0.0,0,0.0,315.0,-315.0
1071,64320,0.0,3.2309314502894617,0,0.0,315.0,-315.0
1072,64380,0.0,10.407491366133815,0,0.0,315.0,-315.0
1073,64440,0.0,15.822885949902117,0,0.0,315.0,-315.0
1074,64500,0.0,10.432405400051973,0,0.0,315.0,-315.0
1075,64560,0.0,0.0,0,0.0,315.0,-315.0
1076,64620,0.0,7.847208753394401,0,0.0,315.0,-315.0
1077,64680,0.0,7.477658971661301,0,0.0,315.0,-315.0
1078,64740,0.0,0.0,0,0.0,315.0,-315.0
1079,64800,0.0,5.750895191311662,0,0.0,315.0,-315.0
1080,64860,0.0,4.187713330062165,0,0.0,315.0,-315.0
1081,64920,0.0,1.087084254652641,0,0.0,315.0,-315.0
1082,64980,0.0,1.9271178619670022,0,0.0,315.0,-315.0
1083,65040,0.0,0.38932325353081076,0,0.0,315.0,-315.0
1084,65100,0.0,10.896571656123678,0,0.0,315.0,-315.0
1085,65160,0.0,0.0,0,0.0,315.0,-315.0
1086,65220,0.0,0.0,0,0.0,315.0,-315.0
1087,65280,0.0,0.049336859954831766,0,0.0,315.0,-315.0
1088,65340,0.0,1.8406320017832924,0,0.0,315.0,-315.0
1089,65400,0.0,0.0,0,0.0,315.0,-315.0
1090,65460,0.0,9.26761679084257,0,0.0,315.0,-315.0
1091,65520,0.0,1.5103546264214942,0,0.0,315.0,-315.0
1092,65580,0.0,3.8000923533716993,0,0.0,315.0,-315.0
1093,65640,0.0,1.3174953198993091,0,0.0,315.0,-315.0
1094,65700,0.0,0.0,0,0.0,315.0,-315.0
1095,65760,0.0,0.0,0,0.0,315.0,-315.0
1096,65820,0.0,0.641762137912841,0,0.0,315.0,-315.0
1097,65880,0.0,1.0152661514409167,0,0.0,315.0,-315.0
1098,65940,0.0,7.713779012739942,0,0.0,315.0,-315.0
1099,66000,0.0,2.3106564100882916,0,0.0,315.0,-315.0
1100,66060,0.0,0.0,0,0.0,315.0,-315.0
1101,66120,0.0,13.264460792854983,0,0.0,315.0,-315.0
1102,66180,0.0,0.0,0,0.0,315.0,-315.0
1103,66240,0.0,0.0,0,0.0,315.0,-315.0
1104,66300,0.0,2.367707452128361,0,0.0,315.0,-315.0
1105,66360,0.0,0.0,0,0.0,315.0,-315.0
1106,66420,0.0,0.0,0,0.0,315.0,-315.0
1107,66480,0.0,0.0,0,0.0,315.0,-315.0
1108,66540,0.0,0.0,0,0.0,315.0,-315.0
1109,66600,0.0,7.552639925754173,0,0.0,315.0,-315.0
1110,66660,0.0,0.0,0,0.0,315.0,-315.0
1111,66720,0.0,7.015041561707516,0,0.0,315.0,-315.0
1112,66780,150.0,153.0700007274451,0,-47.5,315.0,-315.0
1113,66840,150.0,148.62231130603368,0,-45.0,315.0,-315.0
1114,66900,150.0,150.1413660638021,0,-42.5,315.0,-315.0
1115,66960,150.0,152.8621901260971,0,-40.0,315.0,-315.0
1116,67020,150.0,134.58903450796103,0,-37.5,315.0,-315.0
1117,67080,150.0,152.1838630130413,0,-35.0,315.0,-315.0
1118,67140,150.0,147.4685867653819,0,-32.5,315.0,-315.0
1119,67200,150.0,162.00485743598728,0,-30.0,315.0,-315.0
1120,67260,150.0,145.38433956995266,0,-27.5,315.0,-315.0
1121,67320,150.0,157.62899450753486,0,-25.0,315.0,-315.0
1122,67380,150.0,133.2076387057906,0,-22.5,315.0,-315.0
1123,67440,150.0,155.439319110468,0,-20.0,315.0,-315.0
1124,67500,150.0,151.84356109650852,0,-17.5,315.0,-315.0
1125,67560,150.0,148.35065030564837,0,-15.0,315.0,-315.0
1126,67620,150.0,149.1928119997735,0,-12.5,315.0,-315.0
1127,67680,150.0,148.26021522303202,0,-10.0,315.0,-315.0
1128,67740,150.0,152.824427680655,0,-7.5,315.0,-315.0
1129,67800,150.0,149.10361114658298,0,-5.0,315.0,-315.0
1130,67860,150.0,138.0631263427517,0,-2.5,315.0,-315.0
1131,67920,150.0,148.7593254250397,0,0.0,315.0,-315.0
1132,67980,0.0,14.921423268939506,0,0.0,315.0,-315.0
1133,68040,0.0,0.31279601368928256,0,0.0,315.0,-315.0
1134,68100,0.0,1.9416153509004193,0,0.0,315.0,-315.0
1135,68160,0.0,0.0,0,0.0,315.0,-315.0
1136,68220,0.0,1.1621761751007085,0,0.0,315.0,-315.0
1137,68280,0.0,1.1881573193061712,0,0.0,315.0,-315.0
1138,68340,0.0,0.0,0,0.0,315.0,-315.0
1139,68400,0.0,5.764081653321696,0,0.0,315.0,-315.0
1140,68460,0.0,0.0,0,0.0,315.0,-315.0
1141,68520,0.0,0.0,0,0.0,315.0,-315.0
1142,68580,0.0,3.3722859918670265,0,0.0,315.0,-315.0
1143,68640,0.0,0.0,0,0.0,315.0,-315.0
1144,68700,0.0,0.0,0,0.0,315.0,-315.0
1145,68760,0.0,3.727576709394328,0,0.0,315.0,-315.0
1146,68820,0.0,0.0,0,0.0,315.0,-315.0
1147,68880,0.0,0.0,0,0.0,315.0,-315.0
1148,68940,0.0,0.0,0,0.0,315.0,-315.0
1149,69000,0.0,0.0,0,0.0,315.0,-315.0
1150,69060,0.0,0.0,0,0.0,315.0,-315.0
1151,69120,0.0,0.0,0,0.0,315.0,-315.0
1152,69180,0.0,4.546953045919864,0,0.0,315.0,-315.0
1153,69240,0.0,11.769086518834076,0,0.0,315.0,-315.0
1154,69300,0.0,0.0,0,0.0,315.0,-315.0
1155,69360,0.0,3.489812152051003,0,0.0,315.0,-315.0
1156,69420,0.0,0.0,0,0.0,315.0,-315.0
1157,69480,0.0,0.6606456219461468,0,0.0,315.0,-315.0
1158,69540,0.0,7.530089709511428,0,0.0,315.0,-315.0
1159,69600,0.0,0.3358121480868556,0,0.0,315.0,-315.0
1160,69660,0.0,0.0,0,0.0,315.0,-315.0
1161,69720,0.0,0.0,0,0.0,315.0,-315.0
1162,69780,0.0,0.0,0,0.0,315.0,-315.0
1163,69840,0.0,0.0,0,0.0,315.0,-315.0
1164,69900,0.0,5.729013966566488,0,0.0,315.0,-315.0
1165,69960,0.0,0.0,0,0.0,315.0,-315.0
1166,70020,0.0,0.0,0,0.0,315.0,-315.0
1167,70080,0.0,0.0,0,0.0,315.0,-315.0
1168,70140,0.0,0.0,0,0.0,315.0,-315.0
1169,70200,0.0,8.85329625120955,0,0.0,315.0,-315.0
1170,70260,0.0,0.0,0,0.0,315.0,-315.0
1171,70320,0.0,12.691661916072627,0,0.0,315.0,-315.0
1172,70380,0.0,0.0,0,0.0,315.0,-315.0
1173,70440,0.0,8.641363154157611,0,0.0,315.0,-315.0
1174,70500,0.0,0.0,0,0.0,315.0,-315.0
1175,70560,0.0,0.0,0,0.0,315.0,-315.0
1176,70620,0.0,0.0,0,0.0,315.0,-315.0
1177,70680,0.0,0.0,0,0.0,315.0,-315.0
1178,70740,0.0,0.0,0,0.0,315.0,-315.0
1179,70800,0.0,1.4444731857783737,0,0.0,315.0,-315.0
1180,70860,0.0,0.0,0,0.0,315.0,-315.0
1181,70920,0.0,0.0,0,0.0,315.0,-315.0
1182,70980,0.0,0.0,0,0.0,315.0,-315.0
1183,71040,0.0,4.4510150973470495,0,0.0,315.0,-315.0
1184,71100,0.0,0.6703238964386459,0,0.0,315.0,-315.0
1185,71160,0.0,2.1455193671824855,0,0.0,315.0,-315.0
1186,71220,0.0,3.43476885753138,0,0.0,315.0,-315.0
1187,71280,0.0,0.0,0,0.0,315.0,-315.0
1188,71340,0.0,2.4261043313135824,0,0.0,315.0,-315.0
1189,71400,0.0,0.0,0,0.0,315.0,-315.0
1190,71460,0.0,0.0,0,0.0,315.0,-315.0
1191,71520,0.0,12.669837785170037,0,0.0,315.0,-315.0
1192,71580,0.0,0.0,0,0.0,315.0,-315.0
1193,71640,0.0,0.0,0,0.0,315.0,-315.0
1194,71700,0.0,9.213573089442466,0,0.0,315.0,-315.0
1195,71760,0.0,0.0,0,0.0,315.0,-315.0
1196,71820,0.0,0.0,0,0.0,315.0,-315.0
1197,71880,0.0,0.0,0,0.0,315.0,-315.0
1198,71940,0.0,5.20473214728612,0,0.0,315.0,-315.0
1199,72000,0.0,0.0,0,0.0,315.0,-315.0
1200,72060,0.0,0.0,0,0.0,315.0,-315.0
1201,72120,0.0,4.3007092944939735,0,0.0,315.0,-315.0
1202,72180,0.0,1.226136678119326,0,0.0,315.0,-315.0
1203,72240,0.0,0.0,0,0.0,315.0,-315.0
1204,72300,0.0,0.0,0,0.0,315.0,-315.0
1205,72360,0.0,7.651452437501044,0,0.0,315.0,-315.0
1206,72420,0.0,14.891726341050793,0,0.0,315.0,-315.0
1207,72480,0.0,0.0,0,0.0,315.0,-315.0
1208,72540,0.0,3.7986200209608425,0,0.0,315.0,-315.0
1209,72600,0.0,12.878760372208221,0,0.0,315.0,-315.0
1210,72660,0.0,7.204953877327267,0,0.0,315.0,-315.0
1211,72720,0.0,0.0,0,0.0,315.0,-315.0
1212,72780,0.0,0.0,0,0.0,315.0,-315.0
1213,72840,0.0,0.0,0,0.0,315.0,-315.0
1214,72900,0.0,0.0,0,0.0,315.0,-315.0
1215,72960,0.0,0.0,0,0.0,315.0,-315.0
1216,73020,0.0,1.7485643958412302,0,0.0,315.0,-315.0
1217,73080,0.0,0.0,0,0.0,315.0,-315.0
1218,73140,0.0,5.850459499571661,0,0.0,315.0,-315.0
1219,73200,150.0,150.82298700156417,0,-49.416666666666664,315.0,-315.0
1220,73260,150.0,147.34835872176262,0,-46.916666666666664,315.0,-315.0
1221,73320,150.0,155.91649623804878,0,-44.416666666666664,315.0,-315.0
1222,73380,150.0,152.129801461321,0,-41.916666666666664,315.0,-315.0
1223,73440,150.0,151.76854320967374,0,-39.416666666666664,315.0,-315.0
1224,73500,150.0,156.94442343079794,0,-36.916666666666664,315.0,-315.0
1225,73560,150.0,153.8277411719224,0,-34.416666666666664,315.0,-315.0
1226,73620,150.0,149.27287586205014,0,-31.916666666666664,315.0,-315.0
1227,73680,150.0,156.26013181539818,0,-29.416666666666664,315.0,-315.0
1228,73740,150.0,152.06534074180405,0,-26.916666666666664,315.0,-315.0
1229,73800,150.0,169.4791137187673,0,-24.416666666666664,315.0,-315.0
1230,73860,150.0,157.3360346788667,0,-21.916666666666664,315.0,-315.0
1231,73920,150.0,157.7000967739708,0,-19.416666666666664,315.0,-315.0
1232,73980,150.0,158.62007032514438,0,-16.916666666666664,315.0,-315.0
1233,74040,150.0,150.53309573765915,0,-14.416666666666664,315.0,-315.0
1234,74100,150.0,158.76631207073495,0,-11.916666666666664,315.0,-315.0
1235,74160,150.0,150.15595681950157,0,-9.416666666666664,315.0,-315.0
1236,74220,150.0,144.4501859224808,0,-6.916666666666664,315.0,-315.0
1237,74280,150.0,146.23421541832386,0,-4.416666666666664,315.0,-315.0
1238,74340,150.0,153.52516984715788,0,-1.9166666666666643,315.0,-315.0
1239,74400,114.99999999999986,104.57627239674758,0,0.0,315.0,-315.0
1240,74460,0.0,1.3911898192934933,0,0.0,315.0,-315.0
1241,74520,0.0,0.0,0,0.0,315.0,-315.0
1242,74580,0.0,4.795590637730709,0,0.0,315.0,-315.0
1243,74640,0.0,0.0,0,0.0,315.0,-315.0
1244,74700,0.0,12.501524907484212,0,0.0,315.0,-315.0
1245,74760,0.0,5.126785632116073,0,0.0,315.0,-315.0
1246,74820,0.0,0.0,0,0.0,315.0,-315.0
1247,74880,0.0,11.743382743788933,0,0.0,315.0,-315.0
1248,74940,0.0,0.0,0,0.0,315.0,-315.0
1249,75000,0.0,0.0,0,0.0,315.0,-315.0
1250,75060,0.0,0.0,0,0.0,315.0,-315.0
1251,75120,0.0,3.7910124804090986,0,0.0,315.0,-315.0
1252,75180,0.0,10.045817880542234,0,0.0,315.0,-315.0
1253,75240,0.0,0.0,0,0.0,315.0,-315.0
1254,75300,0.0,0.0,0,0.0,315.0,-315.0
1255,75360,0.0,0.0,0,0.0,315.0,-315.0
1256,75420,0.0,9.991622964394763,0,0.0,315.0,-315.0
1257,75480,0.0,11.155598240798986,0,0.0,315.0,-315.0
1258,75540,0.0,0.0,0,0.0,315.0,-315.0
1259,75600,0.0,3.5903016776000904,0,0.0,315.0,-315.0
1260,75660,0.0,0.0,0,0.0,315.0,-315.0
1261,75720,0.0,0.0,0,0.0,315.0,-315.0
1262,75780,0.0,6.436859450535053,0,0.0,315.0,-315.0
1263,75840,0.0,2.9442999628767113,0,0.0,315.0,-315.0
1264,75900,0.0,2.2000319655636136,0,0.0,315.0,-315.0
1265,75960,0.0,0.0,0,0.0,315.0,-315.0
1266,76020,0.0,5.445831568486175,0,0.0,315.0,-315.0
1267,76080,0.0,0.0,0,0.0,315.0,-315.0
1268,76140,0.0,0.3333366130364164,0,0.0,315.0,-315.0
1269,76200,0.0,1.4654695157297362,0,0.0,315.0,-315.0
1270,76260,0.0,0.0,0,0.0,315.0,-315.0
1271,76320,0.0,0.0,0,0.0,315.0,-315.0
1272,76380,0.0,0.0,0,0.0,315.0,-315.0
1273,76440,0.0,0.6757414421398206,0,0.0,315.0,-315.0
1274,76500,0.0,0.0,0,0.0,315.0,-315.0
1275,76560,0.0,0.0,0,0.0,315.0,-315.0
1276,76620,0.0,10.839991752196545,0,0.0,315.0,-315.0
1277,76680,0.0,7.7216703301909115,0,0.0,315.0,-315.0
1278,76740,0.0,5.9361898713129975,0,0.0,315.0,-315.0
1279,76800,0.0,12.184467106293559,0,0.0,315.0,-315.0
1280,76860,0.0,2.801672367388205,0,0.0,315.0,-315.0
1281,76920,0.0,0.0,0,0.0,315.0,-315.0
1282,76980,0.0,3.2195276536025808,0,0.0,315.0,-315.0
1283,77040,0.0,0.0,0,0.0,315.0,-315.0
1284,77100,0.0,0.0,0,0.0,315.0,-315.0
1285,77160,0.0,5.065482889549463,0,0.0,315.0,-315.0
1286,77220,0.0,0.2177762989940585,0,0.0,315.0,-315.0
1287,77280,0.0,0.0,0,0.0,315.0,-315.0
1288,77340,0.0,4.397105569477384,0,0.0,315.0,-315.0
1289,77400,0.0,6.6697495521322185,0,0.0,315.0,-315.0
1290,77460,0.0,4.459487487859779,0,0.0,315.0,-315.0
1291,77520,0.0,0.0,0,0.0,315.0,-315.0
1292,77580,0.0,0.0,0,0.0,315.0,-315.0
1293,77640,0.0,0.7184203683960223,0,0.0,315.0,-315.0
1294,77700,0.0,2.8506093205964955,0,0.0,315.0,-315.0
1295,77760,0.0,0.0,0,0.0,315.0,-315.0
1296,77820,0.0,4.026521024908479,0,0.0,315.0,-315.0
1297,77880,0.0,2.0994882243263944,0,0.0,315.0,-315.0
1298,77940,0.0,2.2242336130440714,0,0.0,315.0,-315.0
1299,78000,0.0,0.0,0,0.0,315.0,-315.0
1300,78060,0.0,7.218548005484584,0,0.0,315.0,-315.0
1301,78120,0.0,11.513907213428745,0,0.0,315.0,-315.0
1302,78180,0.0,0.0,0,0.0,315.0,-315.0
1303,78240,0.0,0.0,0,0.0,315.0,-315.0
1304,78300,0.0,4.266184309876013,0,0.0,315.0,-315.0
1305,78360,0.0,0.0,0,0.0,315.0,-315.0
1306,78420,0.0,0.0,0,0.0,315.0,-315.0
1307,78480,0.0,8.130792916834388,0,0.0,315.0,-315.0
1308,78540,0.0,0.0,0,0.0,315.0,-315.0
1309,78600,0.0,4.790330695059935,0,0.0,315.0,-315.0
1310,78660,0.0,0.0,0,0.0,315.0,-315.0
1311,78720,0.0,9.76368517665707,0,0.0,315.0,-315.0
1312,78780,0.0,3.449063861803749,0,0.0,315.0,-315.0
1313,78840,0.0,0.0,0,0.0,315.0,-315.0
1314,78900,0.0,0.9973556578296121,0,0.0,315.0,-315.0
1315,78960,0.0,3.8866459935085675,0,0.0,315.0,-315.0
1316,79020,0.0,5.541273915972318,0,0.0,315.0,-315.0
1317,79080,0.0,5.527232349326255,0,0.0,315.0,-315.0
1318,79140,0.0,3.6505635463794697,0,0.0,315.0,-315.0
1319,79200,0.0,0.0,0,0.0,315.0,-315.0
1320,79260,0.0,4.434114478802564,0,0.0,315.0,-315.0
1321,79320,0.0,0.0,0,0.0,315.0,-315.0
1322,79380,0.0,6.704413333849539,0,0.0,315.0,-315.0
1323,79440,0.0,5.829132726242245,0,0.0,315.0,-315.0
1324,79500,0.0,9.308395294195579,0,0.0,315.0,-315.0
1325,79560,0.0,0.0,0,0.0,315.0,-315.0
1326,79620,0.0,1.2433510283230826,0,0.0,315.0,-315.0
1327,79680,0.0,5.730847151723909,0,0.0,315.0,-315.0
1328,79740,150.0,152.12236354692234,0,-49.708333333333336,315.0,-315.0
1329,79800,150.0,147.15110698886824,0,-47.208333333333336,315.0,-315.0
1330,79860,150.0,152.05207514559547,0,-44.708333333333336,315.0,-315.0
1331,79920,150.0,150.4542555648172,0,-42.208333333333336,315.0,-315.0
1332,79980,150.0,156.6483981921264,0,-39.708333333333336,315.0,-315.0
1333,80040,150.0,145.80370316337687,0,-37.208333333333336,315.0,-315.0
1334,80100,150.0,152.2667883684346,0,-34.708333333333336,315.0,-315.0
1335,80160,150.0,151.9559255370963,0,-32.208333333333336,315.0,-315.0
1336,80220,150.0,155.0567429966085,0,-29.708333333333336,315.0,-315.0
1337,80280,150.0,149.51329240436652,0,-27.208333333333336,315.0,-315.0
1338,80340,150.0,150.8500904312678,0,-24.708333333333336,315.0,-315.0
1339,80400,150.0,149.52626310821407,0,-22.208333333333336,315.0,-315.0
1340,80460,150.0,150.22746060309396,0,-19.708333333333336,315.0,-315.0
1341,80520,150.0,150.0558148263286,0,-17.208333333333336,315.0,-315.0
1342,80580,150.0,147.81829940171139,0,-14.708333333333336,315.0,-315.0
1343,80640,150.0,168.87811633325245,0,-12.208333333333336,315.0,-315.0
1344,80700,150.0,144.36513266908196,0,-9.708333333333336,315.0,-315.0
1345,80760,150.0,142.16504427126173,0,-7.208333333333336,315.0,-315.0
1346,80820,150.0,144.68753480418928,0,-4.708333333333336,315.0,-315.0
1347,80880,300.0,295.2589199593276,0,-58.0,315.0,-315.0
1348,80940,282.5000000000001,282.57636293865244,0,-53.291666666666664,315.0,-315.0
1349,81000,150.0,159.5544575355951,0,-50.791666666666664,315.0,-315.0
1350,81060,150.0,161.27347921770624,0,-48.291666666666664,315.0,-315.0
1351,81120,150.0,151.58463455521257,0,-45.791666666666664,315.0,-315.0
1352,81180,150.0,133.31922552249537,0,-43.291666666666664,315.0,-315.0
1353,81240,150.0,152.56639943042558,0,-40.791666666666664,315.0,-315.0
1354,81300,300.0,291.2486502441054,0,-85.83333333333333,315.0,-315.0
1355,81360,300.0,296.65677385734176,0,-80.83333333333333,315.0,-315.0
1356,81420,300.0,292.32320513334923,0,-75.83333333333333,315.0,-315.0
1357,81480,300.0,302.8419174326112,0,-70.83333333333333,315.0,-315.0
1358,81540,300.0,295.81608987513846,0,-65.83333333333333,315.0,-315.0
1359,81600,300.0,305.155507429578,0,-60.83333333333333,315.0,-315.0
1360,81660,300.0,303.1869878759083,0,-55.83333333333333,315.0,-315.0
1361,81720,300.0,298.39703549699436,0,-50.83333333333333,315.0,-315.0
1362,81780,300.0,300.5379083078744,0,-45.83333333333333,315.0,-315.0
1363,81840,300.0,306.125688231915,0,-40.83333333333333,315.0,-315.0
1364,81900,300.0,297.51524418670215,0,-35.83333333333333,315.0,-315.0
1365,81960,300.0,306.1136636000121,0,-30.83333333333333,315.0,-315.0
1366,82020,300.0,299.87102541367983,0,-25.83333333333333,315.0,-315.0
1367,82080,300.0,301.7987892421658,0,-20.83333333333333,315.0,-315.0
1368,82140,300.0,305.3365978999778,0,-15.833333333333329,315.0,-315.0
1369,82200,300.0,308.89075362098015,0,-10.833333333333329,315.0,-315.0
1370,82260,197.49999999999986,200.97750645292308,0,-7.541666666666664,315.0,-315.0
1371,82320,150.0,150.3897539335446,0,-5.041666666666664,315.0,-315.0
1372,82380,150.0,154.81208004356824,0,-2.5416666666666643,315.0,-315.0
1373,82440,150.0,139.68091733764493,0,-0.0416666666666643,315.0,-315.0
1374,82500,2.499999999999858,13.443483204392447,0,0.0,315.0,-315.0
1375,82560,0.0,0.0,0,0.0,315.0,-315.0
1376,82620,0.0,6.034143194715728,0,0.0,315.0,-315.0
1377,82680,0.0,0.0,0,0.0,315.0,-315.0
1378,82740,0.0,3.3869611009347693,0,0.0,315.0,-315.0
1379,82800,0.0,0.0,0,0.0,315.0,-315.0
1380,82860,0.0,2.0270941204488113,0,0.0,315.0,-315.0
1381,82920,0.0,0.0,0,0.0,315.0,-315.0
1382,82980,0.0,0.0,0,0.0,315.0,-315.0
1383,83040,0.0,2.7152736586709683,0,0.0,315.0,-315.0
1384,83100,0.0,0.0,0,0.0,315.0,-315.0
1385,83160,0.0,0.0,0,0.0,315.0,-315.0
1386,83220,0.0,0.0,0,0.0,315.0,-315.0
1387,83280,0.0,13.25007927641003,0,0.0,315.0,-315.0
1388,83340,0.0,0.0,0,0.0,315.0,-315.0
1389,83400,0.0,2.1821574959928576,0,0.0,315.0,-315.0
1390,83460,0.0,0.0,0,0.0,315.0,-315.0
1391,83520,0.0,10.169843683623313,0,0.0,315.0,-315.0
1392,83580,0.0,0.0,0,0.0,315.0,-315.0
1393,83640,0.0,0.0,0,0.0,315.0,-315.0
1394,83700,0.0,18.10791530382078,0,0.0,315.0,-315.0
1395,83760,0.0,0.0,0,0.0,315.0,-315.0
1396,83820,0.0,8.739850273692104,0,0.0,315.0,-315.0
1397,83880,0.0,4.894786576121957,0,0.0,315.0,-315.0
1398,83940,0.0,4.354657776639929,0,0.0,315.0,-315.0
1399,84000,0.0,0.0,0,0.0,315.0,-315.0
1400,84060,0.0,1.2632958324988353,0,0.0,315.0,-315.0
1401,84120,0.0,8.172322726205532,0,0.0,315.0,-315.0
1402,84180,0.0,0.0,0,0.0,315.0,-315.0
1403,84240,0.0,1.678015355909415,0,0.0,315.0,-315.0
1404,84300,0.0,6.198271122572583,0,0.0,315.0,-315.0
1405,84360,0.0,0.5567942152939362,0,0.0,315.0,-315.0
1406,84420,0.0,0.0,0,0.0,315.0,-315.0
1407,84480,0.0,9.692981044081206,0,0.0,315.0,-315.0
1408,84540,0.0,2.2814832487241716,0,0.0,315.0,-315.0
1409,84600,0.0,0.0,0,0.0,315.0,-315.0
1410,84660,0.0,0.0,0,0.0,315.0,-315.0
1411,84720,0.0,0.0,0,0.0,315.0,-315.0
1412,84780,0.0,5.967870953637993,0,0.0,315.0,-315.0
1413,84840,0.0,6.338342117454138,0,0.0,315.0,-315.0
1414,84900,0.0,0.0,0,0.0,315.0,-315.0
1415,84960,0.0,0.0,0,0.0,315.0,-315.0
1416,85020,0.0,6.442638497223231,0,0.0,315.0,-315.0
1417,85080,0.0,16.187297322380772,0,0.0,315.0,-315.0
1418,85140,0.0,14.35809156944839,0,0.0,315.0,-315.0
1419,85200,0.0,6.288918940939609,0,0.0,315.0,-315.0
1420,85260,0.0,9.169855247248304,0,0.0,315.0,-315.0
1421,85320,0.0,0.0,0,0.0,315.0,-315.0
1422,85380,0.0,5.171631558146625,0,0.0,315.0,-315.0
1423,85440,0.0,0.0,0,0.0,315.0,-315.0
1424,85500,0.0,0.0,0,0.0,315.0,-315.0
1425,85560,0.0,2.1431506705758196,0,0.0,315.0,-315.0
1426,85620,0.0,14.475496478147397,0,0.0,315.0,-315.0
1427,85680,0.0,4.994213480266151,0,0.0,315.0,-315.0
1428,85740,0.0,1.828366303304902,0,0.0,315.0,-315.0
1429,85800,0.0,0.0,0,0.0,315.0,-315.0
1430,85860,0.0,0.0,0,0.0,315.0,-315.0
1431,85920,0.0,4.025366504856121,0,0.0,315.0,-315.0
1432,85980,0.0,0.0,0,0.0,315.0,-315.0
1433,86040,0.0,1.5961214198866178,0,0.0,315.0,-315.0
1434,86100,0.0,0.0,0,0.0,315.0,-315.0
1435,86160,0.0,0.8096294304582682,0,0.0,315.0,-315.0
1436,86220,0.0,0.0,0,0.0,315.0,-315.0
1437,86280,0.0,3.3646238177145764,0,0.0,315.0,-315.0
1438,86340,0.0,8.811919891395876,0,0.0,315.0,-315.0
1439,86400,0.0,6.102525753515767,0,0.0,315.0,-315.0
