,btms_size,cost_a,cost_b_sys,cost_b_cap,cost_b_loan,cost_b,cost_c,cost_total,share_cost_a,share_cost_b_sys,share_cost_b_cap,share_cost_b_loan,share_cost_b,share_cost_c,E_Charge,c_rate,cycles_day,btms_ratio,load_factor,btms_peak_to_grid_ratio
1008,183.66052952984907,17.569574948167393,24.788529516721965,13.614059044230908,5.4942813370272106,38.40258856095287,10.586292313421824,66.55845582254209,0.26397209386905446,0.3724324612159431,0.20454289204858753,0.08254820922642862,0.5769753532645305,0.159052552866415,552.6249999999999,3.121408867472747,2.7219144438853493,0.9046066466390916,0.9999999327828736,21.454757703464015
1013,157.73972932923172,20.858579898494213,11.600284680154,15.801347292588648,6.377014176851601,27.40163197274265,12.287127655575732,60.54733952681259,0.34450035396282386,0.1915903286719471,0.26097508851881474,0.10532278092958361,0.4525654171907619,0.2029342288464143,658.4166666666666,1.7007609794109522,3.678372436950637,0.8812435983951905,0.9999999183694251,8.457032790615296
1033,176.50624926177773,10.489620258925001,25.254111697457088,8.336715390883613,3.3644822338014877,33.5908270883407,6.4826298880780495,50.563077235343755,0.20745612871031358,0.49945757019322357,0.16487753211855988,0.06654029813378731,0.6643351023117835,0.12820876897790293,328.58333333333337,3.3089312045711616,1.7343532618959803,0.9316485594284224,0.9999999800114726,36.61056532943846
1034,228.3434308513849,12.519263860307541,20.79665514353458,10.004664222833767,4.037623147082856,30.801319366368347,7.7796269000154545,51.10021012669134,0.2449943714373948,0.40697787919020306,0.1957851875369882,0.07901382669606424,0.6027630667271913,0.152242561835414,391.8055555555554,2.1063022685338324,1.608854123325861,0.9376367053772761,0.999999950473114,25.260898970106467
1035,254.1055448047295,13.27410240169918,25.071002421874145,10.57551969654008,4.268005618991814,35.646522118414225,8.223524116335895,57.1441486364493,0.23229154197657106,0.4387326265262205,0.1850674119553599,0.07468841028929904,0.6238000384815804,0.1439084195418485,415.6388888888888,2.2817774521784195,1.5282353777554096,0.9343040163843082,0.9999999596966117,28.72107160347692
1039,260.713874926425,11.09752235625017,12.242177864628394,8.890679062528262,3.588047612254729,21.132856927156656,6.913392039139082,39.14377132254591,0.28350672358077705,0.3127490645638731,0.2271288320501565,0.0916633091556024,0.5398778966140295,0.17661537980519337,347.1666666666667,1.0859510954934264,1.2521993133936324,0.9403717767884667,0.9999999811130524,16.77516346824894
104,520.0639353475486,33.14630449561116,23.764194185194864,23.353868960374616,9.425016151280694,47.11806314556948,18.159968505586647,98.42433614676729,0.33676939863921895,0.24144632430904528,0.23727738356853184,0.09575900148542943,0.4787237078775771,0.1845068934832039,1057.6666666666667,1.056773907626941,1.6489396974531796,0.8107980474708132,0.9999998264703333,10.902399233205331
1042,97.8749589659599,4.683284859686079,12.663982095614415,3.8690100047228113,1.5614321483884082,16.532992100337225,3.0085421797454988,24.224819139768805,0.19332589575448014,0.5227689017015,0.15971264769408455,0.0644558846602522,0.6824815493955845,0.12419255484993526,145.75,2.992364005787012,1.451546431015354,0.9747516114772784,0.999999974913761,41.1200674064826
1049,218.1897853159694,12.275017598936593,12.164745051322056,9.622218066931802,3.883277792037522,21.78696311825386,7.482236769325922,41.544217486516374,0.29546874009410773,0.29281439842428747,0.23161389596650359,0.09347336469384414,0.5244282943907911,0.1801029655151012,385.375,1.289390077264727,1.619360168039354,0.9168416410346774,0.9999999292323061,15.070060383571716
1055,190.67364640954864,11.106279741204807,12.241601973648574,8.771225840301218,3.5398393881389443,21.01282781394979,7.386723612541077,39.505831167695675,0.2811301373222727,0.3098682298743447,0.22202357426853836,0.08960295944952823,0.531891804142883,0.18697805853484428,343.5416666666667,1.4847841057042765,1.6644194526748797,0.9237916590316685,0.9999999991946169,16.761147618518812
1056,298.3095731843729,14.693169590375076,24.977683687737922,11.434397500605069,4.61462643753901,36.412081188342995,8.891387496917966,59.99663827563604,0.2448998812712113,0.4163180539047149,0.19058396985633194,0.07691475006213737,0.6069020237610468,0.14819809496774186,461.83333333333337,1.9364250762540456,1.4075011798531363,0.9091398258069079,0.9999999442594218,25.850608752269164
1057,416.7051133946279,27.86891764026383,11.139280523765965,20.133852080965855,8.125500805565695,31.27313260473182,15.656083379113001,74.79813362410866,0.3725884094958383,0.14892457851616225,0.2691758618222579,0.10863240046068093,0.41810044033842014,0.20931115016574145,886.0416666666666,0.6182214061172873,1.7741924076294515,0.834402123758422,0.9999999350110744,6.078146218376989
1060,230.4816662596625,16.630858200711305,24.850260084101727,12.805516120730989,5.1679743715338065,37.65577620483272,9.95756933600109,64.2442037415451,0.2588693957141623,0.38680937169171714,0.19932562589222325,0.08044265584370233,0.5861349975839405,0.15499560670189738,523.625,2.4935052140663903,2.0401559897573462,0.8980063059420466,0.9999999442788312,22.722200215748277
1080,304.29341112706805,25.477580188588465,37.24045198434574,18.816614744687048,7.5938979610621695,56.05706672903278,15.154305319117352,96.6889522367386,0.2635004268761517,0.3851572607092085,0.19460976987955567,0.07853945859780183,0.5797670305887641,0.15673254253508415,803.0,2.83033682490888,2.2563481633339117,0.8550334736129153,0.9999999885554155,22.22751288506957
1083,425.0819393100944,26.675261776067504,24.189733882501958,19.62642581402407,7.920716717343523,43.81615969652603,15.261508713043627,85.75293018563715,0.3110711402901469,0.28208638270594655,0.22887178049236293,0.09236671796750068,0.5109581631983094,0.17797069651154374,845.7916666666665,1.3160553790894964,1.6953963206720604,0.8520802276649824,0.9999999947620632,13.789753566482354
1087,456.86351566762977,27.361222461456077,24.144624687725457,19.82243710085426,7.999821791853551,43.96706178857971,15.41392708994876,86.74221133998455,0.3154314610935413,0.27834919486996973,0.228521233141735,0.09222524614340752,0.5068704280117047,0.17769811089475399,869.5416666666667,1.2222209081468007,1.593210806682585,0.8370845449315246,0.9999999701658286,13.418966426605369
1096,541.6046288021543,48.85671778883271,29.21704650918454,32.4701824031439,13.104123950678895,61.68722891232844,25.24881383705804,135.7927605382192,0.3597888252303544,0.21515908796155103,0.23911571039904658,0.0965009025425233,0.4542747983605976,0.18593637640904798,1571.6250000000005,1.247583641999656,2.2014307752083107,0.7586447771194371,0.9999999802281472,9.093815291833822
1100,399.1513594029898,20.808207736246008,24.575554995212507,15.695665509307567,6.334363748521701,40.27122050452007,12.441657868187775,73.52108610895385,0.2830236716771225,0.3342653964441304,0.21348522362751182,0.08615710245540378,0.5477506200716422,0.16922570825123534,655.2916666666665,1.423906422601737,1.438983619212216,0.8765139204179162,0.9999999964771251,17.95985243236184
1103,239.8292300904104,16.166417990648995,24.880801956609655,12.634691726861806,5.099034074147469,37.51549368347146,9.824736287017357,63.506647961137816,0.25456260894988275,0.39178263623416537,0.19895069465158144,0.08029134331366011,0.5907333308857468,0.15470406016437044,507.79166666666674,2.3992637278716002,1.9344842996565614,0.91365398580511,0.9999999765784388,23.403708240962985
1110,431.434091925002,28.739120922373143,24.054013599438353,20.72392259839615,8.363637971043987,44.77793619783451,16.11492221371961,89.63197933392726,0.32063467900563125,0.268364190751877,0.23121125687951627,0.09331086999523847,0.49957544763139333,0.1797898733629754,913.9583333333333,1.289403424607907,1.7638440078011661,0.8326226809789494,0.9999998998319239,12.727648619625704
1127,315.22831059468547,26.797015490114028,24.18172730258673,19.48869709912233,7.865132978107571,43.670424401709056,15.154410865340205,85.6218507571633,0.31296935598968156,0.2824247208947844,0.22761359310481694,0.09185894615165811,0.5100383139996013,0.17699233001071699,851.1249999999999,1.7740989223892092,2.2701798455883453,0.8407988926079226,0.999999919919658,13.722555518736039
1155,122.4179201289717,6.631416732594391,12.535871736888271,5.388932142633354,2.174833324990118,17.924803879521626,4.190433634269408,28.746654246385425,0.23068481903170412,0.43608106979839295,0.18746293382336668,0.07565518082034117,0.6235440036217597,0.14577117734653622,206.95833333333334,2.3682375920307104,1.6164429853709945,0.9561421619948443,0.9999999622653113,28.746324492656523
1159,310.1472143451411,20.70996851807194,24.582015262616316,15.66314545356103,6.3212394969824075,40.245160716177345,12.416669083786704,73.37179831803599,0.2822606095642212,0.3350335663855966,0.2134763739286839,0.08615353094635195,0.5485099403142805,0.16922945012149831,651.9166666666666,1.8330120772469678,1.8480760578139572,0.8792161184644491,0.9999999981855996,18.04978984634425
116,427.8318044580441,34.814527155436224,36.626448555357484,23.96056395133422,9.66986252334853,60.58701250669171,18.6317345285801,114.03327419070803,0.30530147803362007,0.3211908876185016,0.21011905622619262,0.08479860454744774,0.5313099438446943,0.16338857812168567,1114.5833333333333,1.9798736274195041,2.056490188725762,0.7893818990290599,0.9999999985203886,15.99810022625588
1160,227.11063539458848,21.178340132497674,11.579257043086342,15.717221330326893,6.343063119131598,27.296478373413237,12.221711306581678,60.696529812492585,0.3489217620500396,0.19077296640940902,0.25894761000145294,0.10450454315472359,0.44972057641086205,0.2013576615390984,670.6249999999999,1.179122562531334,2.5412124194266648,0.8605947694294269,0.999999988969169,8.31424619400301
1177,169.2233658863602,10.917116965372916,25.225999243698944,8.813999521936914,3.5571017373004556,34.03999876563586,6.853766028264794,51.81088175927356,0.2107108891930579,0.48688612096789446,0.17011869365375754,0.06865549507201303,0.657004814621652,0.13228429618529022,341.08333333333337,3.4474960450020595,1.9125613106100958,0.9488885290363122,0.9999999989682911,35.13779619624419
1184,479.24222417293566,37.03621307824376,23.508391305941092,26.274371690924188,10.603655350292778,49.78276299686528,20.43095142796374,107.2499275030728,0.34532622949495834,0.2191926078949336,0.2449826522276335,0.09886864818616287,0.4641752601225671,0.19049851038247442,1180.625,1.1344453081025878,2.0131676213350818,0.8171899870674962,0.9999999380654222,9.652291775699087
1201,321.9123145586978,32.54663885463933,23.80362849054432,23.251378747863473,9.383653758184087,47.055007238407796,18.08027211541731,97.68191820846442,0.33319000539261595,0.24368510495202034,0.23803155358028866,0.09606336495315636,0.48171665853230905,0.18509333607507517,1036.4583333333335,1.7100991852522704,2.652245934682561,0.8237577914653844,0.9999999295120078,11.12169864230754
1210,193.3329858590621,8.192479979114811,25.405173059693823,6.652702373388038,2.6848582316375165,32.05787543308186,5.173141365833273,45.42349677802994,0.18035775667269371,0.5592958460208547,0.1464594944307714,0.059107255541279824,0.705755340451626,0.1138869028756803,255.70833333333334,3.0390085828063027,1.263556914837611,0.9553354322245525,0.999999940057695,47.156425032599245
1213,459.80901425019607,41.68294740719161,10.230861371755065,27.378449327557263,11.049232465381962,37.60931069931233,21.289482200270317,100.58174030677425,0.41441863384008515,0.10171688559524764,0.27220099039898304,0.10985326393917832,0.3739178759942307,0.21166349016568423,1342.9583333333335,0.5145770894605611,2.186422249509277,0.7485985486878274,0.9999997708260513,3.7323974506241844
1251,390.6219522843096,29.982369680525014,23.97225671146959,21.285455885008076,8.590258249884254,45.25771259647767,16.551570497376513,91.7916527743792,0.3266350346062585,0.2611594408305578,0.23188879643911645,0.09358430739883092,0.4930482372696742,0.1803167281240672,955.6666666666666,1.419279731686657,2.0009165780797358,0.8178604186475897,0.9999999060525073,12.158417985438085
1287,304.1812324566538,19.28307623670975,11.70389077129426,14.449872273135423,5.831593890901914,26.15376304442968,11.236220679650646,56.67305996079007,0.34025119254282327,0.20651594918982205,0.2549689796727535,0.10289887108507237,0.46148492886257547,0.19826387859460137,609.7083333333333,0.8898433763189403,1.7443525545075849,0.8702510378498401,0.9999999935200194,9.229709801438036
1289,530.9994326680992,34.06383691376296,23.703856610522603,23.5030776426028,9.485232907754668,47.206934253125404,18.275993175030752,99.54676434191911,0.3421892930317846,0.23811780088708434,0.23610086975680494,0.0952841910077075,0.4742186706438893,0.1835920363243262,1090.1666666666665,1.0323826125574211,1.625299309075957,0.79165235685845,0.9999999887993536,10.581800050246141
1300,493.383972830576,42.855245914507826,29.61170700504018,28.987429705581672,11.698575239194055,58.59913671062185,22.540625339097105,123.99500796422679,0.34562073601279003,0.23881370299668286,0.23377900595760032,0.09434714696392581,0.4725927089542831,0.18178655503292676,1375.2916666666667,1.3880149158257928,2.15738345265254,0.773958313416176,0.9999999979024072,10.507358653920235
1302,152.07089975087968,7.92171344472533,12.45102102587041,6.446770519190866,2.6017494732915334,18.897791545061278,5.013008755851758,31.832513745638366,0.2488560441071277,0.39114162096533855,0.20252156555101436,0.08173245424728735,0.593663186516353,0.15748076937651936,247.1666666666667,1.8935404118123773,1.556677930172142,0.9577562243976318,0.9999999734572363,23.901213020498457
1304,512.5099564374018,44.224437723483724,23.035689218906615,28.3545531340072,11.443162659848962,51.390242352913816,22.048500518324527,117.66318059472208,0.37585621517244167,0.19577653011310753,0.24098067883844948,0.09725355546238106,0.436757208951557,0.18738657587600124,1429.333333333333,1.0394763940543348,2.0315296863835908,0.7284369340506597,0.9999998929967614,7.920872001189035
1313,73.87004477359463,4.307308845054386,12.688706511172185,3.5659861325336935,1.439139568325895,16.25469264370588,2.7729108167387846,23.334912305499053,0.18458645949311478,0.5437649109219919,0.1528176359031502,0.061673236628652366,0.6965825468251422,0.11883099368174299,134.0,3.972507422070287,1.7726131233207607,0.9771866476564628,0.9999999720540581,44.79664033130232
1316,102.8276239382724,5.2784757255492165,12.624841975514565,4.351424738072689,1.756122229982727,16.976266713587254,3.38366787639079,25.63841031552726,0.205881552740126,0.4924190626541555,0.16972287612689302,0.06849575337824965,0.6621419387810485,0.13197650847882547,164.33333333333334,2.8394346478603256,1.5539045857697034,0.97231835526258,0.9999999810484838,36.37068885585078
1317,83.41998692428064,3.8449558954057776,12.719111127533592,3.1561359472431936,1.2737346573656347,15.875247074776786,2.454211312641547,22.17441428282411,0.17339605215115014,0.5735940063763298,0.1423323253091685,0.05744163706512176,0.7159263316854984,0.11067761616335153,119.79166666666666,3.5261628987798743,1.3892751156556968,0.967457213069023,0.9999999741488834,50.30365063701329
1326,279.7635504182177,27.222219746916938,11.181807787878377,19.586558710319736,7.9046273876930195,30.768366498198112,15.230508054519078,73.22109429963413,0.37178111044774376,0.152712929174759,0.26749885258704204,0.10795560300349837,0.4202117817618011,0.20800710779045514,866.0,0.9243503690803715,2.570808222716402,0.830506276941673,0.9999998865419976,6.246296444317765
1332,330.74479931263727,27.465559986838436,11.165805571599273,19.670281313887628,7.938415660299735,30.8360868854869,15.295610749776156,73.5972576221015,0.37318727455668727,0.15171496781758,0.26726921558529076,0.10786292746206623,0.41898418340287075,0.20782854204044193,874.3333333333333,0.7807513872022164,2.183836998635305,0.826106820257506,0.9999999923946427,6.1820954708450175
1341,182.95517289257828,10.268226644165875,25.26867067317894,8.247940400049819,3.328654948658371,33.51661107322876,6.413598455312153,50.19843617270679,0.204552719707009,0.5033756546965437,0.16430672006739278,0.0663099331860896,0.6676823747639364,0.12776490552905445,321.0833333333333,3.1941361886965174,1.6554020676185588,0.9432578400868465,0.9999999616536034,37.42148811249844
1343,467.2750176587788,21.839097054297866,11.535805259689333,16.478674334570197,6.650365813841899,28.01447959425953,12.813817162637045,62.66739381119444,0.3484921859060412,0.18407986287804842,0.26295451801007513,0.10612162736299921,0.44703438088812353,0.20447343320583536,689.7916666666666,0.5709408018311782,1.294948154079694,0.8772169204201155,0.9999999928689638,8.032437261507607
135,294.83965446575473,17.657260863119692,24.782763251087413,13.766834140412339,5.55593740572686,38.54959739149975,10.705090228206723,66.91194848282618,0.26388800899515963,0.3703787412116422,0.20574552755619988,0.08303356174350332,0.5761242687678421,0.15998772223699814,554.8333333333334,1.9439252538454976,1.7145527813982486,0.9111171215934364,0.999999937239315,21.343247443192404
1350,196.37788982909865,22.176934074688422,24.485546718657755,16.785637148345977,6.774248048626557,41.27118386700373,13.052511447119695,76.50062938881184,0.28989217803653494,0.3200698728138666,0.21941828822131054,0.08855153353309908,0.5394881610351772,0.17061966092828793,700.125,2.883586234944491,3.13868631860214,0.8803693570184614,0.9999999489131725,16.78967944646368
1357,255.5564153921716,26.341357053194777,24.211691930239095,19.05865806726592,7.691580371993147,43.270349997505015,14.82001251400347,84.43171956470326,0.31198413568976746,0.2867606162123081,0.2257286499140947,0.0910982319399381,0.5124892661264028,0.1755265981838298,837.2916666666666,2.1910590329556316,2.738471359244011,0.8358305141249393,0.9999999154231815,13.977229580186037
136,153.31311585722608,11.665415515696656,12.204832859685798,9.32231847239647,3.76224608945094,21.52715133208227,7.249034844497562,40.44160169227649,0.28845087799587593,0.3017890575292587,0.23051308757083278,0.09302910695966454,0.5323021451000916,0.17924697690403238,365.08333333333337,1.841061318759455,2.2327870149228835,0.9376367066059309,0.999999944990602,15.909836921343997
1371,336.3502881120492,17.268965196479716,24.808297772666606,13.516640614022796,5.454965783801244,38.324938386689404,10.510539741655425,66.10444332482454,0.2612375859762306,0.3752894136142013,0.2044740101297672,0.08252041026949715,0.5797634237439685,0.15899899027980086,542.2916666666666,1.7057716388275976,1.4756373366922169,0.9152474099337519,0.9999999817012658,21.845639186047123
1374,343.60148604113704,25.558206590570464,30.749171026328796,19.06147786322818,7.6927183685509215,49.81064888955697,14.822205186463211,90.19106066659064,0.2833784900817555,0.34093368898276155,0.21134553382948626,0.08529357911632283,0.5522792228122478,0.16434228710599677,808.7083333333333,2.0696366470944296,2.0370618160068155,0.8655005003504754,0.9999999987915175,18.295199105761146
1381,202.3114597410288,18.440933444027404,21.7044418327422,14.069177029409767,5.6779551586251324,35.77361886215197,10.940192058675411,65.15474436485478,0.28303285698983816,0.3331214333556626,0.2159348051559365,0.08714569006409742,0.549056238511599,0.1679109044985629,581.4583333333334,2.481097695015344,2.5535883195948497,0.8884904573527048,0.9999999349118153,17.897807214189232
1382,193.2303544182701,13.506971195641762,12.083731016304434,10.698881259818094,4.3177911482467435,22.782612276122528,8.319450067643064,44.60903353940735,0.3027855598734231,0.2708808072613754,0.23983665215178374,0.09679185594622741,0.5107174594131592,0.1864969807134179,423.3333333333333,1.4462435201519046,2.0331325326353844,0.9280226453396468,0.9999999988969053,13.604330690863364
1386,141.33720125499755,15.121381011254616,18.46354534901565,11.729230552550913,4.733613414867515,30.192775901566563,9.12064967823477,54.434806591055946,0.2777888259042547,0.3391863865288235,0.21547299029952124,0.08695931355885966,0.5546593768283448,0.16755179726740063,475.5416666666667,3.0211642535136005,3.0473034845783866,0.9056984404834713,0.9999999252030584,18.567684393975608
1403,79.83757044720159,4.072083088197607,12.704175102644712,3.3736338986624856,1.3615111927429409,16.077809001307198,2.6233377196401317,22.773229809144937,0.17881008193938305,0.5578556581176358,0.14814033525045936,0.059785599326635935,0.7059959933680953,0.11519392469252168,126.66666666666666,3.680059884810234,1.5516483788854334,0.9779987112517259,0.9999999838822499,47.44210437267246
1424,398.20369154029527,30.608474959221756,10.959125557780027,20.700864450732446,8.35433230034258,31.659990008512473,16.0969921990266,78.36545716676083,0.39058631271795247,0.13984638071413438,0.26415802573168473,0.1066073318830343,0.40400440644581914,0.20540928083622836,982.2916666666666,0.6364823252629064,1.908911842762684,0.7738391441236108,0.9999997958949641,5.444629292296784
1430,249.3675794931677,22.143884489286002,24.487720095523265,16.73123223308553,6.752291635070037,41.21895232860879,13.842851869428358,77.20568868732315,0.2868167471307323,0.3171750749442385,0.21670983728732324,0.08745847294253507,0.5338849122315616,0.1792983406377061,692.3333333333334,2.271036372823192,2.4358905628068475,0.8773694755282525,0.9999999371713618,16.816230423484985
144,135.58799606612794,6.737907872614963,12.528868813480656,5.518958294892315,2.2273085096033802,18.04782710837297,4.29154197011454,29.077276951102473,0.23172417018091832,0.43088177873566735,0.18980313404770394,0.07659962497000364,0.6206849127833713,0.14759091703571042,210.0,2.1370089795350746,1.4946466830998528,0.9650292789923525,0.9999999985704424,28.27619042913711
1440,187.05855083009664,6.587640862691377,31.99668717930319,5.419067399865341,2.1869951336658624,37.415754579168535,4.793829402518779,48.7972248443787,0.13500031781930844,0.6557071079624955,0.11105277845507647,0.044818022759296285,0.7667598864175721,0.09823979576311939,200.33333333333334,3.955880620912267,1.037937760440629,0.9691603992671884,0.9999999957019468,73.8599832962092
1442,223.84004719388068,15.122784950820982,11.977474103294341,11.692126171690365,4.718639048543575,23.669600274984706,9.091797311363745,47.88418253716944,0.3158200505789595,0.2501342503653893,0.24417512322810384,0.0985427504141017,0.4943093735934931,0.1898705758275473,475.83333333333326,1.2374942198125682,1.9180431670051226,0.9022799433043651,0.9999999652171395,12.043911860239284
1443,161.89201240793687,12.198191358439894,12.169797189426637,9.569152305288174,3.8618618261682336,21.73894949471481,7.440972832910463,41.37811368606516,0.2947981498380352,0.29411193757546855,0.2312612019457707,0.09333102652934096,0.5253731395212392,0.17982871064072567,382.91666666666663,1.7384958022164871,2.170454659381965,0.9176390145310891,0.9999999534564092,15.171272296142067
150,120.2295363228142,6.189500069269293,19.050911354818016,5.029814521276895,2.029902761782923,24.08072587609491,3.911183771763218,34.18140971712742,0.181077963737929,0.5573471519307203,0.14715058749483306,0.05938616278794935,0.7044977394255533,0.11442429683651768,193.16666666666666,3.664547127546266,1.5361848250436003,0.9561421357435834,0.9999999949949677,46.805219750783046
157,205.9006301128399,12.217778692060778,25.140466922887583,9.756566258503893,3.937497239684966,34.89703318139148,7.586705922914622,54.70151779636688,0.22335355917440827,0.4595935896418096,0.1783600647942514,0.07198149883779795,0.637953654436061,0.13869278638953067,382.41666666666663,2.823783465780765,1.7399709404163022,0.9368344641788989,0.9999999562777265,31.290693577712172
18,323.1202578808002,26.694723630235387,24.188454057995262,20.0831868145163,8.105053617332935,44.27164087251156,15.616686067866757,86.58305057061371,0.3083135030968241,0.27936708049190434,0.23195286701220175,0.09361016462133977,0.511319947504106,0.18036654939906982,843.5416666666667,1.731249467903564,2.282291505516186,0.8742361509368828,0.9999999402480231,13.778971059606379
189,289.26256132244447,27.9930385591678,24.103076062987615,19.829427963703754,8.002643122887807,43.93250402669137,15.41936318459825,87.34490577045743,0.3204885083136223,0.2759528543808902,0.2270244359277864,0.09162117758669026,0.5029772903086766,0.176534201377701,892.5416666666667,1.9270632581395144,2.5172168548122476,0.8158012359763057,0.9999999982675041,13.093523542494632
202,189.38494876829373,10.785457611837847,12.262699435600487,8.535875558490645,3.444858114970169,20.798574994091133,6.637496834512501,38.221529440441486,0.2821827846696777,0.3208322538403069,0.2233263734720933,0.09012873543791863,0.5441586273124003,0.17365858801792192,338.08333333333337,1.4974638607673894,1.6550277756726035,0.9271008642026889,0.9999999631746098,17.289467269286245
203,431.8201989747109,28.808622220105732,37.021400586633504,20.639322339448402,8.329495499475872,57.6607229260819,16.04913705134925,102.51848219753688,0.2810090590747928,0.36111928106094204,0.2013229409666805,0.08124872043487975,0.5624422220276225,0.15654871889758476,917.0416666666666,1.982739318652114,1.755072870843898,0.8264356395688264,0.999999983767729,19.541795349762303
207,111.03725038239124,8.053522638998249,12.442353172527381,6.455673436547366,2.6053424599620034,18.898026609074748,5.019931664446989,31.971480912519986,0.25189707855679905,0.3891703736393072,0.20191975011139798,0.08148957713565765,0.5910901237507052,0.1570127976924957,251.91666666666666,2.591490093216589,2.134890118154871,0.9409950192065707,0.9999999613331156,23.493663559502824
21,557.1535482797412,36.32906960856441,10.582935869370168,24.860151023517627,10.032912547273813,35.44308689288779,19.820752517668407,91.59290901912061,0.3966362679995291,0.11554317886290642,0.2714200399326536,0.10953809257416836,0.38696321879556,0.21640051320491083,1159.9166666666667,0.4392856241002408,1.6311223169531621,0.7834921358448684,0.9999996212837214,4.429819119048075
210,301.2317396007946,28.353893230047905,11.10738823893771,20.25469272352838,8.17426895656523,31.362080962466088,16.26380597004072,75.97978016255472,0.3731768263791531,0.14618873883517486,0.26658003853386436,0.10758479346843088,0.41276877736903916,0.21405439625180764,898.6666666666669,0.8527602525438381,2.4548243495834834,0.8228534969281399,0.9999999796890858,5.957078964887602
216,418.7576526201825,39.67011489309334,23.335184293375384,27.23135556043489,10.989869233823482,50.56653985381027,21.65443881770444,111.89109356460804,0.35454220375625395,0.2085526519579613,0.24337375471901154,0.09821933885629354,0.4519264066769728,0.1935313895667733,1266.5,1.2887367279341237,2.3783228728238064,0.786372604339981,0.9999999948052621,8.945031645994947
253,294.525580208654,15.516524426222807,18.437560464053533,12.17229504769905,4.912422760330385,30.609855511752585,9.465176629586315,55.59155656756171,0.27911656705214244,0.33166116587589944,0.21895942116507885,0.08836634668360478,0.5506205870409784,0.17026284590687915,487.08333333333337,1.4477586372326237,1.5175818474943037,0.9176390230570692,0.9999999372431956,18.069374233638538
258,495.9616066200383,26.90442054132573,17.688685368885942,19.315230612927017,7.795126400744705,37.00391598181296,15.019523325027299,78.92785984816598,0.34087355964144894,0.22411206135468234,0.2447200601927361,0.09876267284758815,0.46883212154741843,0.19029431881113273,856.1666666666666,0.8248276788755543,1.430060832605113,0.8284079440567119,0.9999999629173673,9.997836238461716
268,485.8173147708601,27.621305258566014,24.127521506197347,19.968218316454273,8.058655311640562,44.09573982265162,15.527286564245381,87.24433164546302,0.3165971328751925,0.276551164426876,0.2288769704557956,0.09236881250221185,0.5054281348826717,0.17797473224213586,878.0833333333331,1.1485646600651345,1.5092771588732223,0.8350380296882777,0.9999998704290438,13.283197145799495
270,126.94959950619392,9.957031274653122,12.317177265797596,7.9687620786931275,3.2159858148056975,20.285939344490725,6.1965093926056465,36.439480011749495,0.2732484456815133,0.33801737186771225,0.21868484610987016,0.08825553530864709,0.5567022179775825,0.17004933634090422,311.54166666666663,2.2438591068817675,2.3049536561440935,0.9392417606885012,0.9999999628225846,18.81115340019161
276,196.99656959250532,18.50897718179478,11.75479600444157,13.944214934036061,5.62752369610415,25.69901093847763,10.843021532750344,55.05100965302275,0.3362150358086754,0.21352552984096151,0.25329626144777545,0.10222380536839351,0.46682179128873696,0.19696317290258766,584.7500000000001,1.3799779920299602,2.5991902977630312,0.8756418510088747,0.9999999952528257,9.657545905413492
290,387.6459900578393,31.50706659964194,17.38601262021929,21.752979313437542,8.778938586813709,39.13899193365683,16.91511671421955,87.56117524751832,0.3598291881142256,0.19855846579345734,0.2484317878551324,0.10026062991956614,0.44699025364858974,0.19318055823718472,1008.2500000000001,1.037242783480488,2.0605640736010007,0.7922334742263072,0.9999999927633446,8.391239641400539
299,164.45484224252647,12.528720877861144,24.039022775594315,9.738536014778331,3.9302207006835146,33.777558790372645,7.57268560556633,53.87896527380011,0.2325345487648688,0.44616712020050325,0.18074838604062649,0.07294536338459853,0.6269155062411297,0.14054994499400164,393.875,3.3805383782508396,2.1744512814730226,0.9078998221737998,0.9999999334983775,29.17723810740351
301,111.92162189541412,6.413272334522826,12.55021704757355,5.26057816879463,2.1230329882423336,17.81079521636818,4.09062558408386,28.314693134974867,0.22649980008439596,0.44324044013993835,0.18578969384261698,0.07497990453655742,0.6290301339825554,0.14447006593304867,199.83333333333334,2.59330124727393,1.7259259389432704,0.9666476915324252,0.9999999927168709,29.758131525305505
303,306.2396703620347,24.17822621434541,24.353940660742598,17.704580060517348,7.145109587843704,42.058520721259946,13.767081455815891,80.00382839142125,0.3022133652911293,0.304409690766174,0.22129666062850306,0.08930959594690932,0.5257063513946771,0.17208028331419356,767.1666666666667,1.8391769787134877,2.1228868847962334,0.8474197434054555,0.9999999314137659,15.317183366613882
307,345.8967002844519,27.96953491414475,24.104621677100813,20.668063517913218,8.34109469409743,44.772685195014034,16.07148619182012,88.81370630097891,0.3149236314872321,0.2714065506444823,0.2327125438034491,0.09391675048252653,0.5041190944479315,0.18095727406483633,886.2500000000001,1.611645900480919,2.1940980985110192,0.8563399631879851,0.999999977699148,13.10536675595213
324,328.8483024581194,19.771017431504173,24.64376129096123,14.920161718003081,6.0213905203672615,39.56392300896431,11.6019177521127,70.93685819258118,0.27871289954552697,0.3474041833662512,0.21033017387797817,0.08488380615927812,0.5577343572442294,0.16355274321024366,624.4583333333333,1.7331139434435654,1.6660214882916597,0.8773497110030752,0.9999999797405791,18.954488923708244
327,117.9897623383982,6.316491812168352,12.556581394665436,5.114481922219656,2.0640723301198207,17.671063316885093,3.9770211427643254,27.96457627181777,0.22587475493179587,0.4490174023240877,0.18289145068770252,0.07381024872527599,0.6319088530117902,0.1422163920564139,197.25000000000003,2.4611768254067203,1.5916955205392596,0.9521103989025105,0.9999999879937277,30.22940389041809
328,275.86405079729883,13.970384480256463,25.025214480615787,10.825344525874788,4.368828444343181,35.85055900649058,8.417787903687513,58.23873139043455,0.23988133234905998,0.429700542631086,0.1858787831984404,0.07501585869126162,0.6155793258295263,0.14453934182141365,439.41666666666663,2.0979659072325236,1.4409512578322323,0.9046235182713354,0.9999999531129162,27.23977740221237
333,140.65309370173196,13.404938445735235,12.090440753855226,10.388189472732286,4.19240399649375,22.478630226587512,8.07785613410876,43.96142480643151,0.3049250224431786,0.2750238602841282,0.2363023837028254,0.09536551681283101,0.5113262439869536,0.1837487335698678,421.62500000000006,1.9879642561624893,2.712022234268843,0.904724144530794,0.9999999845964117,13.71549271057771
351,392.6576970849842,22.924388889523797,24.436393722320858,17.072723399017796,6.890108617767521,41.509117121338654,13.275749716305922,77.70925572716838,0.295002039010767,0.31445924290042465,0.21969999891594513,0.08866522466716446,0.5341592418163698,0.17083871917286308,725.5277777777778,1.4392582449304596,1.5965824886555158,0.8640749843125983,0.9999998810340465,16.2096430419349
359,312.9821920054795,24.376484515735253,24.340902953304983,18.279304510204117,7.3770534781697386,42.620207463509104,14.439842047271021,81.43653402651537,0.29933106568359574,0.2988941418525952,0.22446073778449924,0.09058653547028171,0.5233548796370945,0.1773140546793098,768.7916666666666,1.7985925253844948,2.1385687584695217,0.8706311043697071,0.9999998736755317,15.184472726525787
390,584.6358552937897,49.29368953865505,22.70233207536934,32.20338727587554,12.99645235297259,54.90571935124488,26.091418973543323,130.29082786344324,0.37833583796335507,0.1742435169662401,0.2471654206513113,0.09974955694190589,0.42140893761755144,0.20025522441909363,1580.5416666666663,0.8980504863866471,2.0076733717979,0.7426301144892092,0.9999999755667951,7.003469650715794
401,338.1194707660802,23.857096843653924,24.375058161781073,17.777882051251723,7.174692371225967,42.15294021303279,14.051515746941432,80.06155280362815,0.2979844383254679,0.3044539770739554,0.22205267608107251,0.0896147041867121,0.5265066531550279,0.17550890851950426,753.0833333333333,1.6672134581596627,1.9250844637295264,0.8643247184546609,0.9999999770972582,15.536821336256075
411,212.56444400406863,12.355467251437549,12.159454630223944,9.663533178846574,3.899951500267596,21.82298780907052,7.514363400135003,41.692818460643075,0.2963452150182839,0.291643862880178,0.23177932161071566,0.0935401261958111,0.5234231844908936,0.1802316004908223,388.0416666666667,1.3229371210335246,1.669352275671541,0.9144506088050196,0.999999963973846,14.965424048952862
42,193.725016867937,10.170666923945344,12.303128452094485,8.187478292768807,3.3042540094122486,20.490606744863292,6.366583120757661,37.0278567895663,0.27467608999749704,0.3322668260821744,0.22111672137275504,0.08923697712753713,0.5533835474549293,0.1719403625475735,317.91666666666663,1.4687422168070756,1.5519121266249065,0.9456698387668657,0.9999999499610638,18.395018581522468
421,338.0382297464007,29.675444979215516,23.99243997370206,21.461144372351328,8.661161569313414,45.45358434605339,16.688185863974127,91.81721518924303,0.32320131816296016,0.26130655263559904,0.23373769644524828,0.09433047551553408,0.4950442490808474,0.1817544327561925,943.3333333333335,1.6414374034277928,2.3312547280337674,0.8353921074407719,0.9999999974348865,12.294511614623591
435,248.8570523273449,29.390579239558072,17.525194016797904,20.25634475015397,8.174935671688749,37.781538766951876,15.751333678451138,82.92345168496108,0.35443024430793585,0.21134182985265504,0.24427763604331057,0.09858412192906035,0.4556194658959656,0.1899502897960986,940.7500000000001,1.6286531710395407,2.9889166180476736,0.7906595580330168,0.9999999452304658,9.067525670332914
437,210.3496920718564,22.61590247313168,24.456679870320727,16.892394293099393,6.817332464971994,41.34907416342012,13.135525802746615,77.10050243929841,0.2933301568421981,0.31720519447425893,0.21909577445878325,0.08842137533849811,0.5363009689330422,0.17036887422475977,715.4444444444445,2.688879533308705,2.9488453837484747,0.8669977428096073,0.999999963030715,16.444386689485576
446,414.085353728113,30.64077442309158,10.957001506368796,21.043451446000272,8.492591531354648,32.000452952369066,16.363387845058927,79.00461522051957,0.3878352465557401,0.13868811936853753,0.26635724238721104,0.10749487871879287,0.40504536175574857,0.20711939168851146,981.25,0.6119523105697429,1.8660779236328293,0.7874808021316919,0.9999999619286435,5.437835784017503
458,615.7015445828977,38.41032812648623,23.418028647346205,26.387264974894663,10.649216153369913,49.80529362224087,20.518737244620233,108.73435899334734,0.3532492257469074,0.21536917000429442,0.24267642003121667,0.09793791265207588,0.4580455900355111,0.18870518421758134,1230.0138888888896,0.8796214617473778,1.5737176208212231,0.7877475032027682,0.9999999888888879,9.271210041461513
469,192.04879212233047,15.916449030351245,11.925282261542897,12.282193786661072,4.956775042664413,24.20747604820397,9.550633888546145,49.67455896710136,0.32041450113110104,0.2400682061302409,0.24725320248530772,0.09978498341469329,0.4873214086155486,0.19226409025335023,500.95833333333337,1.4360607568725439,2.3483727799683183,0.9002787773684602,0.9999999952354562,11.393485104619575
488,204.95012517211856,11.704201159937442,18.688261212596093,9.277772700675037,3.7442685706655894,27.96603391327113,7.778795773722416,47.44903084693099,0.24666891928087656,0.3938597033284791,0.1955313424757784,0.07891138140933746,0.5893910458042575,0.16394003491486592,362.0833333333333,2.1088050606427076,1.6393085013861475,0.9278982256979766,0.9999999246575882,24.28070110747327
500,309.6318311189148,22.854810156379695,11.469011335924522,17.06689355404935,6.8877558434550386,28.53590488997387,13.271216427825957,64.66193147417953,0.35345078062671176,0.17736883316738333,0.26394036127523374,0.10651948815054221,0.44130919444261707,0.20524002493067117,723.0277777777777,0.8566355788861519,2.0240048609936565,0.866766603669362,0.9999999799113569,7.631017830651273
519,392.497821352322,32.81586429005254,23.785924160204623,23.26216175424705,9.388005500051655,47.048085914451676,18.08865698148139,97.95260718598561,0.33501777270454935,0.24283094491851107,0.23748384471358144,0.09584232385184359,0.48031478963209256,0.18466743766335797,1046.2083333333333,1.401517440976197,2.1762836202795395,0.8164593536384213,0.9999999046992248,11.022250764621722
533,412.4984285508723,24.469129292512605,24.334810552084054,18.08602181875839,7.299049594028318,42.42083237084245,14.063690566530799,80.95365222988585,0.3022609680787111,0.3006017626354888,0.22341205517694396,0.09016331435302077,0.5240138178124328,0.17372521410885614,775.3055555555552,1.364336187395445,1.6099909120034468,0.8565896586497753,0.9999999800833844,15.123195220506975
546,434.318344009874,40.53481563130087,24.575516835587447,27.774551365699995,11.209088980522337,52.35006820128744,21.774197744466722,114.65908157705503,0.3535246844277225,0.21433554584223505,0.24223594837565915,0.09776014970946217,0.4565714942178942,0.1899038213543833,1297.0416666666667,1.3086099391667008,2.344844479109852,0.7851783002044548,0.9999999935064302,9.219525344418393
56,252.0826235220011,12.394289455083351,25.128859467667432,9.856336100869896,3.97776176190635,34.98519556853733,7.664286952232687,55.04377197585337,0.22517151369133068,0.45652502664045214,0.17906360242160874,0.07226542838763515,0.6355886290620609,0.1392398572466084,388.20833333333326,2.305396315615134,1.4357382375890744,0.9322949317307496,0.9999999711712384,30.830832207380183
562,407.79079643020896,22.03780090636511,37.466654124796285,16.41400163728835,6.624265589615131,53.880655762084636,12.763527674106944,88.68198434255669,0.24850369632278982,0.42248326311770174,0.1850883441431024,0.07469685797768376,0.6075716072608042,0.14392469641640604,697.4583333333334,2.124825249948495,1.478018006756199,0.8641693866251992,0.999999910310178,25.8529889398742
576,207.12127367282352,25.16501659577681,17.803069692219808,17.999263428004536,7.264036156404701,35.80233312022435,13.996227241822693,74.96357695782385,0.3356965824874552,0.23748959714443996,0.24010678463397386,0.09690087441387178,0.47759638177841385,0.18670703573413094,801.2499999999999,1.9878605320444624,3.1910433020928735,0.8248773205299327,0.9999999831538999,10.75800583015248
582,564.8625534008655,23.483555156858177,24.399622485085402,17.967516795787546,7.25122403855384,42.36713928087295,13.97154106057792,79.82223549830904,0.29419816433674867,0.3056745070188154,0.22509413177444987,0.09084215686627131,0.5307686387932653,0.1750331968699861,740.125,0.998978288011317,1.1680137278840963,0.891426741077351,0.9999999865787319,15.799864642597196
594,352.30083299534374,18.306823263563437,11.768089771581293,14.02160741319565,5.658757294584317,25.78969718477694,10.903201924591462,54.99972237293184,0.33285301222853364,0.21396634862602448,0.2549396034787331,0.10288701561463298,0.46890595210475755,0.19824103566670878,576.8750000000001,0.7725169726459682,1.4614595708849663,0.8925216454375576,0.9999999910677749,9.775232335021643
60,117.25633466263096,4.7992566284501965,12.656355720212835,3.936658739277455,1.5887334241159135,16.59301445949029,3.061145835725532,24.45341692366602,0.19626118686936858,0.5175700295676885,0.16098603935663305,0.0649697925273722,0.6785560689243216,0.12518274420630987,149.54166666666666,2.496250043863114,1.2328042601847509,0.9666477051372995,0.9999999781980569,40.10225587930065
608,471.8272590336853,30.81250095156082,10.945708660071304,21.062712558056024,8.500364816908538,32.008421218127324,16.378365285230224,79.19928745491836,0.38905022938621564,0.13820463556950302,0.26594573303510205,0.10732880421111234,0.404150368604605,0.20679940200917943,987.3888888888885,0.536508471337319,1.639207549633936,0.7833011023665039,0.9999999936315692,5.401955955774026
63,179.11787544197654,9.47960057614751,12.348573402966629,7.525484414031196,3.037090439652677,19.874057816997826,5.851816680358793,35.20547507350413,0.2692649525778426,0.3507571869768701,0.2137589223925833,0.08626756018237661,0.5645161093694535,0.16621893805270385,297.0,1.5943864159435357,1.5427594091393444,0.9304235275527218,0.9999999986001696,19.80892252666301
632,316.4719608273131,42.90037690711618,23.12276025821735,28.572739096155022,11.531216858522216,51.69549935437237,22.218161921195524,116.81403818268407,0.3672536073106624,0.19794504682781314,0.2446002170686922,0.09871430726920581,0.44254526389650534,0.1902011287928323,1379.6250000000007,1.689741092370992,3.315273103082607,0.7604899734424957,0.9999999984792949,8.196202373777627
64,131.44031785820738,7.1101355717120684,12.50439088943397,5.723723139648618,2.3099462931893546,18.22811402908259,4.450767113394798,29.789016714189458,0.2386831240497201,0.41976514395917375,0.1921420634512661,0.07754355624934252,0.6119072074104399,0.14940966853983992,222.25,2.200136712470299,1.599015561683233,0.94566980287003,0.9999999990893503,26.74353203021829
669,250.79813944493895,26.395899275197134,37.180062760771875,19.758271726334424,7.973926309943099,56.9383344871063,15.883744567698614,99.21797833000205,0.2660394791295138,0.3747311060613414,0.19914003549455325,0.08036775636993504,0.5738711415558947,0.16008937931459144,830.4166666666666,3.4284793296716667,2.87559071255322,0.8684710091482114,0.9999999538970386,21.419422656110303
677,296.195164980009,24.965104900338385,17.816215953752153,18.34647968992896,7.404163639443062,36.16269564368111,14.266222607021437,75.39402315104093,0.3311284350793224,0.23630806805547389,0.24334130111579885,0.09820624142327436,0.4796493691712727,0.18922219574940496,791.7083333333331,1.3910835998887412,2.2744555410232845,0.8509228788544867,0.9999999878370938,10.85215973206863
682,171.74076334842096,8.58041696510701,12.407704274285758,6.907312838539098,2.787612415554772,19.315017112824854,5.371126463396379,33.266560541328246,0.25792918851491276,0.37297827224642655,0.20763531685092285,0.08379623171718101,0.5806135890973494,0.16145722238773785,268.2083333333333,1.6708358008461324,1.4768568771023332,0.9456698241910947,0.9999999713627711,21.989590689571678
684,254.4210897071613,19.172228236799352,15.818966891462074,14.552525568269417,5.873022099917803,30.371492459731492,11.316043881916261,60.8597645784471,0.3150230430498414,0.25992487813638715,0.23911570590305986,0.09650090072805961,0.49904058403944707,0.1859363729107117,605.0,1.437939904099272,2.10033193192303,0.8832541138290986,0.9999999968097736,12.546992291138949
687,306.58308328647706,23.612213459173685,17.90518293138474,17.099401162304247,6.90087507150936,35.00458409368899,13.824673861224847,72.44147141408753,0.32594883839675665,0.24716757655343205,0.23604436558944555,0.09526138739041906,0.48321194214287766,0.19083921946036553,746.0416666666665,1.3506608202076007,2.033669007492949,0.8357288105463342,0.9999999951040498,11.531244116277696
689,139.3393488222431,6.159874899846657,12.566880619830057,5.0238112893320235,2.027480012981159,17.590691909162082,3.906515658601879,27.657082467610618,0.222723235795407,0.45438200629250064,0.1816464659717973,0.07330780516547808,0.636028472264298,0.141248291940295,192.125,2.085784520881931,1.323921434278155,0.960178792682515,0.9999999956763265,31.02342209539806
697,91.2338412618157,3.7943944439896917,12.722436079898127,3.1480274414992953,1.2704622746298806,15.870463521397422,2.44790613854364,22.112764103930754,0.17159295084756962,0.5753435445746284,0.1423624575699111,0.05745379766449206,0.7177060021445395,0.11070104700789085,118.0,3.2250024155556645,1.2670251088063451,0.9796234546743462,0.999999985366566,50.987287269269075
700,43.67660269224114,1.417632035231848,12.878733448178812,1.189449973432803,0.4800311772651453,14.068183421611614,0.924916299347947,16.41073175619141,0.08638444990102324,0.7847750873948657,0.07248000827166343,0.029251052567112985,0.8572550956665291,0.05636045443244761,44.0,6.819303690928528,1.0000000076049071,0.9926500687363101,0.9999999918032116,138.14772597555051
702,257.5870626550634,11.52911557099442,38.15771164529139,9.29457103356539,3.7510479423866,47.45228267885678,7.227458435705882,66.20885668555708,0.17413252770319176,0.5763233735708834,0.14038259379266588,0.056654775964510205,0.7167059673635493,0.10916150493325907,360.2916666666667,3.4258946378774078,1.324975892945017,0.9472787741944535,0.9999999992326715,50.32924709395446
706,70.19782607910994,4.506968459543083,6.189597866774739,3.6545943934153877,1.4748995655821895,9.844192260190127,2.8418126004035114,17.192973320136723,0.2621401415347071,0.3600074141640975,0.21256325624230804,0.08578502031726881,0.5725706704064055,0.16528918805888734,140.70833333333331,2.039175001996648,1.911693190815936,0.9537225191034587,0.999999971781349,20.883919950193043
708,262.9446650719996,13.577748968984029,12.079076627074144,10.76291089060302,4.3436318475044295,22.841987517677165,8.369239508811118,44.78897599547231,0.30314935019627587,0.26968860882854767,0.24030267831287402,0.09697993202486979,0.5099912871414217,0.1868593626623024,425.5,1.0623927537129354,1.503031399372213,0.9288227682740905,0.9999999665334516,13.528201577356219
71,369.03244694758456,16.998923289041176,11.854098083592094,13.121885911684505,5.2956530184669335,24.9759839952766,10.20357848497686,52.17848576929464,0.32578414337666534,0.22718363533975625,0.25148077254871803,0.10149112110844839,0.4786644078884743,0.19555144873486036,534.9999999999999,0.7428817522697103,1.3056728606443344,0.9006273844423017,0.9999999937813991,10.604280495858912
716,101.1378436880141,7.662772127932375,12.468049167161107,6.249529703972591,2.522148192994969,18.717578871133696,4.859634297812511,31.239985296878583,0.24528731544243138,0.39910547488019726,0.2000490603494947,0.0807346152383425,0.5991545352296919,0.1555581493278767,239.00000000000003,2.8510218352294223,2.2690095256306293,0.9601787896646258,0.9999999992851607,24.74267780374697
719,128.55790877976975,9.239668905130609,25.336309267232696,7.383803692030336,2.979911772792426,32.720112959263034,5.741645750930952,47.70142761532459,0.19369795343739915,0.5311436268019185,0.15479209032431998,0.06247007525273935,0.6859357171262386,0.12036632943636236,289.1666666666667,4.557852637008057,2.1090361078894038,0.9376366740217402,0.9999999985010137,41.698559006387825
722,331.01717121899844,27.38661552216805,17.65697591226371,19.592431648961735,7.906997553495108,37.249407561225446,15.235074850249394,79.87109793364289,0.3428851766244771,0.22106840107460612,0.2453006426084086,0.09899698086114031,0.46636904368301474,0.19074577969250822,871.9583333333334,1.2336203609204057,2.17340413942987,0.8250785188318294,0.9999999984875296,9.804197792223928
726,214.68520381702064,19.453508376531158,18.178661969698783,14.790842214120625,5.969200520721558,32.96950418381941,11.742187818059323,64.16520037840989,0.303178487120829,0.28331029689756076,0.23051189939239092,0.09302862744164446,0.5138221962899517,0.18299931658921925,611.7083333333334,1.9582833327186155,2.5204942347154784,0.8845928508949275,0.9999999221714981,14.210131021018507
733,651.70217026959,57.42669858312644,30.81547222898482,36.00514285510812,14.53074235855091,66.82061508409294,27.99759908419718,152.24491275141656,0.3771994580659124,0.20240723760208595,0.23649488317482784,0.09544320460990713,0.4389021207769138,0.18389842115717378,1861.3055555555532,1.0935417976440902,2.0287010017046794,0.7103126306655301,0.9999999953516889,8.159979772343725
740,219.96163778633235,19.427821622948382,24.66633004020398,14.801649432809114,5.973562034047777,39.467979473013095,11.509762599347505,70.40556369530898,0.27594156772929623,0.35034631846641207,0.2102340874204992,0.08484502815571927,0.5605804058869113,0.1634780263837925,612.7083333333333,2.5934227767093527,2.4709607213300693,0.887072261956275,0.9999999629359827,19.306988385229246
744,332.87524383730164,21.876763420854182,11.533328295701686,16.317746343264513,6.585419448003211,27.8510746389662,12.688679556847882,62.416517616668266,0.35049637910289333,0.18478006681714845,0.2614331424812921,0.10550763963551504,0.44621320929844055,0.20329041159866604,692.2083333333335,0.8012884524188681,1.8000366708400395,0.865617498183778,0.9999999748895093,8.016885642093769
745,293.26564274221226,21.883740077035597,30.990806223144226,16.33772204055896,6.593481121636505,47.328528263703184,12.704212659432887,81.91648100017166,0.2671469746971887,0.3783219914327043,0.1994436509122593,0.0804902876824346,0.5777656423449636,0.15508738295784782,692.3333333333334,2.443922417998031,2.04565781287543,0.8665206836642385,0.9999999390792258,21.53502752532043
750,373.6220371993805,16.08505020959534,18.400173848438886,12.523910811388008,5.054325768240393,30.924084659826896,9.738593047157108,56.74772791657935,0.2834483564388831,0.3242451200070534,0.22069448894585675,0.08906657506482699,0.5449396089529102,0.17161203460820662,505.5416666666667,1.138951338837616,1.2308642403416643,0.909673792121956,0.9999999785548409,17.39536756882308
755,227.92547298968503,16.70012190122471,11.873747447990045,12.777440217221258,5.156643664639374,24.651187665211303,9.935737512936345,51.28704707937236,0.3256206557452885,0.23151552144568027,0.24913581391119596,0.10054475658656851,0.48065133535687626,0.19372800889783529,526.3333333333334,1.2047881017531699,2.058513243920701,0.8914267348502026,0.9999999971227952,10.811906232840874
761,275.26156894709106,22.77402789128717,24.44628143647764,16.8222340079651,6.789017592533035,41.26851544444274,13.080969164830954,77.12351250056085,0.2952929288732999,0.31697572690688675,0.2181206931912336,0.08802785781422579,0.5350964200981203,0.16961065102858,721.6666666666665,2.0539173027730344,2.244092537630036,0.8559525627304889,0.999999979961032,16.32326621485705
777,519.8606593471475,65.7127622748921,34.59456152645882,37.73404259176977,15.22848147705111,72.32860411822858,29.341991521405298,167.383357914526,0.39258838568914484,0.20667862060769787,0.22543485243639688,0.09097966289353274,0.4321134730440947,0.1752981412667604,2152.333333333333,1.5389928580551524,2.6653181367730467,0.6437636877587487,0.9999998924837683,8.005569119728829
781,420.12697847248427,34.74344998350565,24.307762941817302,24.338518523887583,9.822395191781757,48.64628146570489,18.92563200426408,102.31536345347462,0.3395721699146812,0.2375768615909834,0.23787745752332612,0.09600117577892638,0.4754543191143096,0.1849735109710092,1109.5416666666667,1.3380740518580874,2.127238777775716,0.8054770965756838,0.9999999938857965,10.639130980785803
839,1021.8900469468256,89.05769927554019,33.05938395595041,44.93512235677786,18.13465060932722,77.99450631272828,34.941551149555885,201.99375673782436,0.44089332617904464,0.1636653750583959,0.22245797633785744,0.08977827286446728,0.38612335139625337,0.17298332242470196,2957.166666666667,0.748180378737632,1.6146724374405235,0.5579725050667333,0.9999992615683544,5.644914776964953
85,215.27228996601363,11.838492866120308,12.19345118529261,9.460631796046686,3.8180657616239957,21.654082981339293,7.35658728494526,40.84916313240487,0.28980992407967,0.29849941223446447,0.23159915823444974,0.0934674169272074,0.5300985704689142,0.18009150545141567,370.5,1.3099485562666267,1.6137441544513347,0.937636705932543,0.9999999475162785,15.662617126314297
851,88.70664305552249,3.433900222824539,12.746142403190799,2.8549870751985247,1.1521987787591017,15.601129478389323,2.2200379497093152,21.255067650923177,0.16155677691646367,0.5996754568145161,0.13432030055545474,0.054208191556099704,0.7339957573699708,0.10444746571356557,106.75,3.3230612716719103,1.1818182019962296,0.9820620646463598,0.9999999836049825,56.44496379407772
865,868.5128461729491,85.3208409734375,52.76305880491097,48.0649049994421,19.39774975607499,100.82796380435306,38.11575256979087,224.26455734758144,0.38044728058032407,0.2352715000040553,0.21432234129152933,0.08649494144547751,0.4495938412955846,0.16995887812409127,2794.416666666665,1.4049777465374595,2.0250392752518374,0.6293881100626775,0.999999967644009,9.403920343908922
87,227.8216473482852,21.892664256317655,11.53228268296779,16.377136151846745,6.609387635289813,27.909418834814534,13.268270884916118,63.07035397604831,0.3471149736155222,0.18284791436793435,0.2596645669384724,0.10479388839009535,0.44251248130640675,0.21037254507807102,687.9583333333333,1.1706741233789524,2.620134498484506,0.8676737075435479,0.9999999301565132,8.010336623435341
877,322.5893289261506,34.6188547426733,17.18137939595606,23.877631327553235,9.63639306610656,41.059010723509296,18.72194710394243,94.39981257012502,0.36672588430148245,0.18200649904037522,0.25294151203759757,0.10208063770198858,0.4349480110779728,0.19832610462054476,1106.6944444444446,1.2317533670891974,2.713969028047236,0.7910922946067654,0.9999999769805226,7.547088382501696
882,175.32976473158973,7.839872682298666,12.456402925087996,6.384767669147228,2.57672673020437,18.841170594235223,4.964795339631946,31.645838616165832,0.24773787092163763,0.393618986564787,0.20175694335638997,0.08142387254948856,0.5953759299211769,0.15688619915718555,244.58333333333331,1.6430573595939832,1.3371869241320358,0.9585635522053614,0.999999978743057,24.1611578360959
884,135.9037672921192,10.151737702047924,12.30437325079228,8.055209650319014,3.250873813886083,20.359582901111295,6.263731024340393,36.775051627499614,0.27604958396459917,0.3345847988311545,0.21904006367989698,0.08839889191223181,0.5536248625110515,0.17032555352434925,318.08333333333326,2.093841139345164,2.1764466449398006,0.9299050511635704,0.9999999570494649,18.4311830926228
887,261.46094082994136,13.233910968316003,12.101687626231639,10.280702973533701,4.149025231600011,22.38239059976534,7.994274632493227,43.61057620057457,0.3034564576136384,0.2774943300582256,0.23573875580663053,0.09513805120385792,0.5132330858648562,0.1833104565215055,416.08333333333337,1.070421555842232,1.443838655164242,0.9072879948388862,0.9999999609340151,13.905667300385444
898,272.18438171449003,23.02686673093988,24.429654597755505,17.1587398288287,6.9248226191871085,41.5883944265842,13.342636090913688,77.95789724843777,0.2953756776886555,0.3133698503937657,0.22010265071859092,0.0888277244974803,0.5334725011123566,0.17115182119898784,728.7083333333333,2.0757251755395694,2.3148606931288582,0.8646380145432501,0.9999999986344548,16.13305386073917
90,412.6043232261845,16.0391060083869,24.889174071816434,12.657532902564322,5.1082521805895205,37.546706974380754,9.842497585178482,63.42831056794613,0.2528698283900432,0.3923985023242023,0.19955651962391824,0.08053583856876374,0.5919550219481206,0.15517514966183643,503.0,1.3950585598666412,1.1264656767209154,0.9240250659661217,0.999999984082513,23.597415076930616
900,283.0996208926254,23.56577140643775,30.880194797065386,17.594391950442823,7.100640522829527,48.47458674750821,13.681399180707585,85.72175733465355,0.27491003613514514,0.3602375377876426,0.20525001466961507,0.08283358558678368,0.5654875524572577,0.15960241140759715,745.5416666666666,2.522646929269114,2.2821156396565536,0.8665727233039536,0.9999999965279605,19.92656660492485
918,311.6875489671432,17.49581037123114,18.307401394177912,13.211715967714227,5.331906100574533,31.51911736189214,10.273430336796451,59.28835806991973,0.29509689491819024,0.3087857716111432,0.2228382839027762,0.08993175513962672,0.5316240555139194,0.17327904956789034,552.5416666666666,1.3583853124487542,1.5564760669445057,0.8780047543900799,0.9999999651862347,15.912072365311118
92,255.31769559555065,21.213599991286046,11.57693834042922,15.538454182781729,6.2709173322476195,27.11539252321095,12.082701973353469,60.41169448785047,0.35115055406287865,0.19163406089788598,0.2572093750144138,0.10380303657115227,0.44884343591229986,0.2000060100248214,673.0694444444441,1.0486450990594554,2.2347532013164404,0.8477164463406106,0.9999999143232853,8.298764668395426
921,487.7139803479605,28.762684449069663,30.53844257655732,21.28095573822687,8.58844210729272,51.81939831478419,16.54807118206493,97.13015394591878,0.2961251813220071,0.31440743513657826,0.21909731297322887,0.08842199624304815,0.5335047481098072,0.1703700705681858,911.2083333333331,1.4480961776851131,1.6022437867169825,0.8575829106488948,0.9999999983610881,16.145502736800193
928,390.0470597319374,30.88241384642202,32.56104083292622,22.602927471152263,9.121955631561399,55.16396830407848,17.576036401835513,103.62241855233601,0.2980283058228795,0.31422776352668114,0.21812777376679665,0.08803071535098576,0.5323555372934778,0.1696161568836427,979.958333333333,1.9306208750472567,2.127895791110163,0.8469538637579668,0.9999999834527415,16.0332345127515
945,306.936628798963,28.07279582690286,17.611852271679055,20.021663192360137,8.080224278198978,37.63351546403919,15.78345721108672,81.48976850202877,0.3444947303562896,0.21612347900142323,0.2456954236145815,0.09915630424202043,0.4618189026160047,0.19368636702770575,892.4166666666665,1.327003420784096,2.38944124292815,0.8218213164451252,0.9999999973211374,9.5401119576919
972,433.4859630922673,29.86560026173587,23.979935257409018,21.32048982113405,8.604397038381803,45.30042507854307,16.57881288567293,91.74483822595187,0.32552894352684997,0.2613763969843244,0.23238898485629594,0.09378617047850303,0.4937653818406204,0.1807056746325297,951.1805555555555,1.279347999976303,1.806029382453339,0.8230702169562931,0.9999999357922579,12.209865018068362
978,441.0546947789106,25.087249206218424,24.294162598608516,18.51959315600127,7.474027747035004,42.81375575460979,14.400835638933371,82.30184059976158,0.3048200261792335,0.29518370939906896,0.22502040077163135,0.0908124009447324,0.5202041101707003,0.1749758636500663,795.0416666666666,1.2738702988109818,1.5418483664987739,0.8553507183247988,0.9999999195431326,14.72593890781443
985,299.4095653969257,17.258382324660868,24.80899370715366,13.579240593426418,5.480229512819766,38.38823430058008,10.559217485826048,66.205834111067,0.26067766619642885,0.3747251891054504,0.2051064045299371,0.08277562825696183,0.5798315936353875,0.15949074016818351,541.5,1.9162810518657492,1.6653767020650836,0.9208304978531341,0.999999962271901,21.85964817254613
992,253.36019132545195,19.70458627742584,24.64812986705513,14.880594039327764,6.005422030897003,39.52872390638289,11.5711499253423,70.80446010915104,0.27829583400607194,0.3481154976544975,0.2101646424023017,0.0848170019464754,0.5582801400567992,0.1634240259371288,622.2916666666666,2.249890191959053,2.1566742993938397,0.878069629387787,0.9999999630531632,19.021762605476844
999,240.4641581633925,14.487594916526943,12.884043306932025,11.254621307683927,4.542073426096989,24.13866461461595,8.751593529485168,47.37785306062806,0.3057883373902061,0.27194232061222123,0.23755025989214232,0.09586912729634729,0.5094925805043635,0.1847190821054303,455.49999999999994,1.239131936814478,1.7186332365262176,0.9072880228603811,0.9999999090014233,13.52352742693895
